[01Apr2025 17:54:17.441] [main/INFO] [cpw.mods.modlauncher.Launcher/MODLAUNCHER]: ModLauncher running: args [--launchTarget, forgeserver, --fml.forgeVersion, 47.3.7, --fml.mcVersion, 1.20.1, --fml.forgeGroup, net.minecraftforge, --fml.mcpVersion, 20230612.114412, nogui]
[01Apr2025 17:54:17.449] [main/INFO] [cpw.mods.modlauncher.Launcher/MODLAUNCHER]: ModLauncher 10.0.9+10.0.9+main.dcd20f30 starting: java version 17.0.14 by Ubuntu; OS Linux arch amd64 version 6.8.0-1021-azure
[01Apr2025 17:54:20.138] [main/INFO] [net.minecraftforge.fml.loading.ImmediateWindowHandler/]: ImmediateWindowProvider not loading because launch target is forgeserver
[01Apr2025 17:54:20.204] [main/INFO] [mixin/]: SpongePowered MIXIN Subsystem Version=0.8.5 Source=union:/workspaces/SERVICIOS/servidor_minecraft/libraries/org/spongepowered/mixin/0.8.5/mixin-0.8.5.jar%2365!/ Service=ModLauncher Env=SERVER
[01Apr2025 17:54:20.679] [main/WARN] [net.minecraftforge.fml.loading.moddiscovery.ModFileParser/LOADING]: Mod file /workspaces/SERVICIOS/servidor_minecraft/libraries/net/minecraftforge/fmlcore/1.20.1-47.3.7/fmlcore-1.20.1-47.3.7.jar is missing mods.toml file
[01Apr2025 17:54:20.683] [main/WARN] [net.minecraftforge.fml.loading.moddiscovery.ModFileParser/LOADING]: Mod file /workspaces/SERVICIOS/servidor_minecraft/libraries/net/minecraftforge/javafmllanguage/1.20.1-47.3.7/javafmllanguage-1.20.1-47.3.7.jar is missing mods.toml file
[01Apr2025 17:54:20.684] [main/WARN] [net.minecraftforge.fml.loading.moddiscovery.ModFileParser/LOADING]: Mod file /workspaces/SERVICIOS/servidor_minecraft/libraries/net/minecraftforge/lowcodelanguage/1.20.1-47.3.7/lowcodelanguage-1.20.1-47.3.7.jar is missing mods.toml file
[01Apr2025 17:54:20.686] [main/WARN] [net.minecraftforge.fml.loading.moddiscovery.ModFileParser/LOADING]: Mod file /workspaces/SERVICIOS/servidor_minecraft/libraries/net/minecraftforge/mclanguage/1.20.1-47.3.7/mclanguage-1.20.1-47.3.7.jar is missing mods.toml file
[01Apr2025 17:54:21.151] [main/WARN] [net.minecraftforge.jarjar.selection.JarSelector/]: Attempted to select two dependency jars from JarJar which have the same identification: Mod File:  and Mod File: . Using Mod File: 
[01Apr2025 17:54:21.153] [main/WARN] [net.minecraftforge.jarjar.selection.JarSelector/]: Attempted to select a dependency jar for JarJar which was passed in as source: resourcefullib. Using Mod File: /workspaces/SERVICIOS/servidor_minecraft/mods/resourcefullib-forge-1.20.1-2.1.25.jar
[01Apr2025 17:54:21.153] [main/WARN] [net.minecraftforge.jarjar.selection.JarSelector/]: Attempted to select a dependency jar for JarJar which was passed in as source: curios. Using Mod File: /workspaces/SERVICIOS/servidor_minecraft/mods/curios-forge-5.12.1+1.20.1.jar
[01Apr2025 17:54:21.153] [main/INFO] [net.minecraftforge.fml.loading.moddiscovery.JarInJarDependencyLocator/]: Found 17 dependencies adding them to mods collection
[01Apr2025 17:54:25.198] [main/INFO] [mixin/]: Compatibility level set to JAVA_17
[01Apr2025 17:54:25.614] [main/INFO] [cpw.mods.modlauncher.LaunchServiceHandler/MODLAUNCHER]: Launching target 'forgeserver' with arguments [nogui]
[01Apr2025 17:54:25.665] [main/WARN] [mixin/]: Reference map 'naturalist-forge-forge-refmap.json' for naturalist.mixins.json could not be read. If this is a development environment you can ignore this message
[01Apr2025 17:54:25.821] [main/WARN] [mixin/]: Reference map 'yungsextras.refmap.json' for yungsextras.mixins.json could not be read. If this is a development environment you can ignore this message
[01Apr2025 17:54:25.823] [main/WARN] [mixin/]: Reference map 'yungsextras.refmap.json' for yungsextras_forge.mixins.json could not be read. If this is a development environment you can ignore this message
[01Apr2025 17:54:25.849] [main/WARN] [mixin/]: Reference map 'nitrogen_internals.refmap.json' for nitrogen_internals.mixins.json could not be read. If this is a development environment you can ignore this message
[01Apr2025 17:54:26.087] [main/INFO] [Puzzles Lib/]: Loading 113 mods:
	- ad_astra 1.15.18
	- additionalentityattributes 1.4.0.5+1.20.1
	- aether 1.20.1-1.2.0-neoforge
	- aiimprovements 0.5.2
	- alexscaves 1.1.4
	- alexsmobs 1.22.8
	- apoli 1.20.1-2.9.0.8
	- apugli 2.10.2+1.20.1-forge
	- architectury 9.2.14
	- artifacts 9.5.7
	- attributeslib 1.3.7
	- bagus_lib 1.20.1-4.4.0
	- betterdeserttemples 1.20-Forge-3.0.3
	- betterdungeons 1.20-Forge-4.0.3
	- betterendisland 1.20-Forge-2.0.5
	- betterfortresses 1.20-Forge-2.0.5
	- betterjungletemples 1.20-Forge-2.0.4
	- bettermineshafts 1.20-Forge-4.0.4
	- bettermobs 1.0.0
	- betteroceanmonuments 1.20-Forge-3.0.4
	- betterstrongholds 1.20-Forge-4.0.3
	- bettervillage 3.1.0
	- betterwitchhuts 1.20-Forge-3.0.3
	- born_in_chaos_v1 1.0.0
	- botarium 2.3.3
	- brutalbosses 1.20.1-6.8
	- caelus 3.2.0+1.20.1
	- calio 1.20.1-1.11.0.5
	- carryon 2.1.2.7
	- cataclysm 2.62
	- citadel 2.5.4
	- cloth_config 11.1.118
	- clumps 12.0.0.4
	- coroutil 1.20.1-1.3.3
	- cosmeticarmorreworked 1.20.1-v1a
	- creativecore 2.12.31
	- creeperoverhaul 3.0.2
	- cumulus_menus 1.20.1-1.0.0-neoforge
	- cupboard 1.20.1-2.5
	- curios 5.12.1+1.20.1
	- deeperdarker 1.2.1
	- dungeons_arise 2.1.58-1.20.x
	- earthmobsmod 1.20.1-10.3.1
	- easyanvils 8.0.1
	- ecologics 2.2.0
	- eeeabsmobs 1.20.1-0.91
	- elevatorid 1.20.1-lex-1.9
	- enchantinginfuser 8.0.2
	- endermanoverhaul 1.0.3
	- endrem 5.2.3-R-1.20.1
	- enemyexpansion 2.3.1
	- expandability 9.0.4
	- explorerscompass 1.20.1-1.3.3-forge
	- ferritecore 6.0.1
	- forge 47.3.7
	- friendsandfoes 2.0.10
	- furnitura 1.12-1.20.1
	- geckolib 4.4.2
	- hangglider 8.0.1
	- iceandfire 2.1.13-1.20.1-beta-4
	- illagerinvasion 8.0.3
	- incendium 5.3.5
	- infernalmobs 1.20.1.2
	- ironchest 1.20.1-14.4.4
	- irons_spellbooks 1.20.1-3.4.0.7
	- jei 15.3.0.8
	- libraryferret 4.0.0
	- lionfishapi 2.4-Fix
	- luminousworld 1.3.6
	- medievalorigins 6.5.1+1.20.1-forge
	- minecraft 1.20.1
	- mixinextras 0.3.5
	- mixinsquared 0.1.1
	- moonlight 1.20-2.11.0
	- mowziesmobs 1.6.4
	- multimine 1.20.1.3
	- mutantmonsters 8.0.7
	- naturalist 4.0.3
	- naturescompass 1.20.1-1.11.2-forge
	- nitrogen_internals 1.20.1-1.0.2-neoforge
	- nullscape 1.2.4
	- origins 1.20.1-1.10.0.9
	- placeablesmod 1.9
	- placebo 8.6.3
	- playeranimator 1.0.2-rc1+1.20
	- playerrevive 2.0.31
	- polymorph 0.49.2+1.20.1
	- puzzlesaccessapi 8.0.7
	- puzzleslib 8.1.17
	- quark 4.0-438
	- recipes_unlocked 7.0.0
	- resourcefulconfig 2.1.2
	- resourcefullib 2.1.25
	- securitycraft 1.9.9
	- sophisticatedbackpacks 3.20.2.1022
	- sophisticatedcore 0.6.8.567
	- spectrelib 0.13.14+1.20.1
	- stalwart_dungeons 1.2.8
	- supplementaries 1.20-2.8.6
	- takesapillage 1.0.3
	- tombstone 8.6.3
	- torchmaster 20.1.6
	- twilightforest 4.3.2145
	- undead_revamp2 1.0.0
	- vanillaplustools 1.20-1.0
	- warriorrage 1.0.0
	- watching 1.9.2
	- watut 1.20.1-1.0.11
	- xaerominimap 24.1.1
	- yungsapi 1.20-Forge-4.0.4
	- yungsbridges 1.20-Forge-4.0.3
	- yungsextras 1.20-Forge-4.0.3
	- zeta 1.0-14
[01Apr2025 17:54:26.110] [main/WARN] [mixin/]: Reference map '${mod_id}.refmap.json' for medievalorigins.mixins.json could not be read. If this is a development environment you can ignore this message
[01Apr2025 17:54:27.366] [main/INFO] [net.minecraftforge.coremod.CoreMod.placebo/COREMODLOG]: Patching IForgeItemStack#getEnchantmentLevel
[01Apr2025 17:54:27.389] [main/INFO] [net.minecraftforge.coremod.CoreMod.placebo/COREMODLOG]: Patching IForgeItemStack#getEnchantmentLevel
[01Apr2025 17:54:28.069] [main/WARN] [mixin/]: Error loading class: net/minecraft/client/renderer/entity/PhantomRenderer (java.lang.ClassNotFoundException: net.minecraft.client.renderer.entity.PhantomRenderer)
[01Apr2025 17:54:28.069] [main/WARN] [mixin/]: @Mixin target net.minecraft.client.renderer.entity.PhantomRenderer was not found mixins.deeperdarker.json:PhantomRendererMixin
[01Apr2025 17:54:29.041] [main/WARN] [mixin/]: Error loading class: noobanidus/mods/lootr/config/ConfigManager (java.lang.ClassNotFoundException: noobanidus.mods.lootr.config.ConfigManager)
[01Apr2025 17:54:29.595] [main/INFO] [MixinExtras|Service/]: Initializing MixinExtras via com.llamalad7.mixinextras.service.MixinExtrasServiceImpl(version=0.3.5).
[01Apr2025 17:54:31.692] [main/INFO] [net.minecraftforge.coremod.CoreMod.placebo/COREMODLOG]: Patching IForgeItemStack#getEnchantmentLevel
[01Apr2025 17:54:31.694] [main/INFO] [net.minecraftforge.coremod.CoreMod.placebo/COREMODLOG]: Patching IForgeItemStack#getEnchantmentLevel
[01Apr2025 17:54:34.312] [main/INFO] [net.minecraftforge.coremod.CoreMod.placebo/COREMODLOG]: Patching IForgeItemStack#getEnchantmentLevel
[01Apr2025 17:54:34.312] [main/INFO] [net.minecraftforge.coremod.CoreMod.placebo/COREMODLOG]: Patching IForgeItemStack#getEnchantmentLevel
[01Apr2025 17:54:39.862] [modloading-worker-0/INFO] [Puzzles Lib/]: Constructing common components for illagerinvasion:main
[01Apr2025 17:54:39.864] [modloading-worker-0/INFO] [Puzzles Lib/]: Constructing common components for easyanvils:main
[01Apr2025 17:54:40.021] [modloading-worker-0/INFO] [atomicstryker.multimine.common.MultiMine/]: mod instantiated
[01Apr2025 17:54:40.023] [modloading-worker-0/INFO] [atomicstryker.multimine.common.MultiMine/]: MultiMineServer initializing
[01Apr2025 17:54:41.375] [modloading-worker-0/INFO] [io.github.apace100.apoli.Apoli/]: Apoli 1.20.1-2.9.0.8 has initialized. Ready to power up your game!
[01Apr2025 17:54:41.569] [modloading-worker-0/INFO] [Puzzles Lib/]: Constructing common components for hangglider:main
[01Apr2025 17:54:41.707] [modloading-worker-0/INFO] [io.github.apace100.origins.Origins/]: Origins 1.20.1-1.10.0.9 is initializing. Have fun!
[01Apr2025 17:54:42.255] [modloading-worker-0/INFO] [com.aetherteam.cumulus.Cumulus/]: Disabling Cumulus as it is on server.
[01Apr2025 17:54:42.495] [modloading-worker-0/INFO] [com.cupboard.Cupboard/]: Loaded config for: cupboard.json
[01Apr2025 17:54:42.564] [modloading-worker-0/INFO] [dev.architectury.networking.forge.NetworkManagerImpl/]: Registering C2S receiver with id architectury:sync_ids
[01Apr2025 17:54:42.608] [modloading-worker-0/INFO] [Puzzles Lib/]: Constructing common components for enchantinginfuser:main
[01Apr2025 17:54:42.650] [modloading-worker-0/INFO] [Puzzles Lib/]: Constructing common components for mutantmonsters:main
[01Apr2025 17:54:42.781] [modloading-worker-0/INFO] [com.jtorleonstudios.libraryferret.LibraryFerret/]: Initialize mod Library Ferret
[01Apr2025 17:54:42.805] [modloading-worker-0/INFO] [com.jtorleonstudios.libraryferret.LibraryFerret/]: Initialized mod Library Ferret
[01Apr2025 17:54:43.029] [modloading-worker-0/INFO] [dev.architectury.networking.forge.NetworkManagerImpl/]: Registering C2S receiver with id artifacts:networking_channel/42a7ad70b1cc371599a0eff744096b8a
[01Apr2025 17:54:43.030] [modloading-worker-0/INFO] [dev.architectury.networking.forge.NetworkManagerImpl/]: Registering C2S receiver with id artifacts:networking_channel/74a5e841822a3a87854ae896a33430d6
[01Apr2025 17:54:43.032] [modloading-worker-0/INFO] [net.minecraftforge.common.ForgeMod/FORGEMOD]: Forge mod loading, version 47.3.7, for MC 1.20.1 with MCP 20230612.114412
[01Apr2025 17:54:43.032] [modloading-worker-0/INFO] [net.minecraftforge.common.MinecraftForge/FORGE]: MinecraftForge v47.3.7 Initialized
[01Apr2025 17:54:43.037] [modloading-worker-0/INFO] [dev.architectury.networking.forge.NetworkManagerImpl/]: Registering C2S receiver with id artifacts:networking_channel/eb3d1e2748533430848cadf0f37c7e9c
[01Apr2025 17:54:43.042] [modloading-worker-0/INFO] [dev.architectury.networking.forge.NetworkManagerImpl/]: Registering C2S receiver with id artifacts:networking_channel/91c8520f19f93b3e8b6a727568e194ab
[01Apr2025 17:54:43.043] [modloading-worker-0/INFO] [dev.architectury.networking.forge.NetworkManagerImpl/]: Registering C2S receiver with id artifacts:networking_channel/8c2784d778293fd482ed84b8aa5fedb9
[01Apr2025 17:54:43.044] [modloading-worker-0/INFO] [dev.architectury.networking.forge.NetworkManagerImpl/]: Registering C2S receiver with id artifacts:networking_channel/ea038224ea783d40b2863f52239e2604
[01Apr2025 17:54:43.052] [modloading-worker-0/INFO] [dev.architectury.networking.forge.NetworkManagerImpl/]: Registering C2S receiver with id artifacts:networking_channel/97ad64b7ecaf33209991c4f031501a58
[01Apr2025 17:54:44.680] [modloading-worker-0/INFO] [Calio/]: Calio 1.20.1-1.11.0.5 initializing...
[01Apr2025 17:54:44.767] [modloading-worker-0/INFO] [Apugli/]: Apugli 2.10.2 has initialized. Powering up your powered up game.
[01Apr2025 17:54:44.989] [ForkJoinPool.commonPool-worker-1/INFO] [friendsandfoes/]: [Friends&Foes] An update is available! You are using 2.0.10 version, but the latest version is 3.0.9.
[01Apr2025 17:54:46.049] [modloading-worker-0/INFO] [Puzzles Lib/]: Constructing common components for puzzleslib:main
[01Apr2025 17:54:46.094] [modloading-worker-0/INFO] [be.florens.expandability.ExpandAbility/]: ExpandAbility here, who dis?
[01Apr2025 17:54:46.098] [modloading-worker-0/INFO] [Medieval Origins Revival/]: Loading Medieval Origins
[01Apr2025 17:54:46.249] [modloading-worker-0/INFO] [quark-zeta/]: Discovered 160 modules to load.
[01Apr2025 17:54:46.255] [modloading-worker-0/INFO] [quark-zeta/]: Constructing module Abacus...
[01Apr2025 17:54:46.269] [modloading-worker-0/INFO] [quark-zeta/]: Constructing module Adjustable Chat...
[01Apr2025 17:54:46.270] [modloading-worker-0/INFO] [quark-zeta/]: Constructing module Ambient Discs...
[01Apr2025 17:54:46.273] [modloading-worker-0/INFO] [quark-zeta/]: Constructing module Ancient Tomes...
[01Apr2025 17:54:46.298] [modloading-worker-0/INFO] [quark-zeta/]: Constructing module Ancient Wood...
[01Apr2025 17:54:46.320] [modloading-worker-0/INFO] [quark-zeta/]: Constructing module Armed Armor Stands...
[01Apr2025 17:54:46.320] [modloading-worker-0/INFO] [quark-zeta/]: Constructing module Auto Walk Keybind...
[01Apr2025 17:54:46.320] [modloading-worker-0/INFO] [quark-zeta/]: Constructing module Automatic Recipe Unlock...
[01Apr2025 17:54:46.321] [modloading-worker-0/INFO] [quark-zeta/]: Constructing module Automatic Tool Restock...
[01Apr2025 17:54:46.328] [modloading-worker-0/INFO] [quark-zeta/]: Constructing module Azalea Wood...
[01Apr2025 17:54:46.332] [modloading-worker-0/INFO] [quark-zeta/]: Constructing module Back Button Keybind...
[01Apr2025 17:54:46.332] [modloading-worker-0/INFO] [quark-zeta/]: Constructing module Backpack...
[01Apr2025 17:54:46.345] [modloading-worker-0/INFO] [quark-zeta/]: Constructing module Beacon Redirection...
[01Apr2025 17:54:46.346] [modloading-worker-0/INFO] [quark-zeta/]: Constructing module Better Elytra Rocket...
[01Apr2025 17:54:46.348] [modloading-worker-0/INFO] [quark-zeta/]: Constructing module Big Stone Clusters...
[01Apr2025 17:54:46.369] [modloading-worker-0/INFO] [quark-zeta/]: Constructing module Blossom Trees...
[01Apr2025 17:54:46.374] [modloading-worker-0/INFO] [quark-zeta/]: Constructing module Bottled Cloud...
[01Apr2025 17:54:46.376] [modloading-worker-0/INFO] [quark-zeta/]: Constructing module Buckets Show Inhabitants...
[01Apr2025 17:54:46.377] [modloading-worker-0/INFO] [quark-zeta/]: Constructing module Camera...
[01Apr2025 17:54:46.377] [modloading-worker-0/INFO] [quark-zeta/]: Constructing module Campfires Boost Elytra...
[01Apr2025 17:54:46.378] [modloading-worker-0/INFO] [quark-zeta/]: Constructing module Celebratory Lamps...
[01Apr2025 17:54:46.379] [modloading-worker-0/INFO] [quark-zeta/]: Constructing module Chains Connect Blocks...
[01Apr2025 17:54:46.380] [modloading-worker-0/INFO] [quark-zeta/]: Constructing module Chest Searching...
[01Apr2025 17:54:46.381] [modloading-worker-0/INFO] [quark-zeta/]: Constructing module Chorus Vegetation...
[01Apr2025 17:54:46.388] [modloading-worker-0/INFO] [quark-zeta/]: Constructing module Chute...
[01Apr2025 17:54:46.389] [modloading-worker-0/INFO] [quark-zeta/]: Constructing module Climate Control Remover...
[01Apr2025 17:54:46.393] [modloading-worker-0/INFO] [quark-zeta/]: Constructing module Color Runes...
[01Apr2025 17:54:46.401] [modloading-worker-0/INFO] [quark-zeta/]: Constructing module Compasses Work Everywhere...
[01Apr2025 17:54:46.402] [modloading-worker-0/INFO] [quark-zeta/]: Constructing module Compressed Blocks...
[01Apr2025 17:54:46.405] [modloading-worker-0/INFO] [quark-zeta/]: Constructing module Coral On Cactus...
[01Apr2025 17:54:46.406] [modloading-worker-0/INFO] [quark-zeta/]: Constructing module Corundum...
[01Apr2025 17:54:46.450] [modloading-worker-0/INFO] [quark-zeta/]: Constructing module Crabs...
[01Apr2025 17:54:46.455] [modloading-worker-0/INFO] [quark-zeta/]: Constructing module Crafter...
[01Apr2025 17:54:46.456] [modloading-worker-0/INFO] [quark-zeta/]: Constructing module Crate...
[01Apr2025 17:54:46.462] [modloading-worker-0/INFO] [quark-zeta/]: Constructing module Diamond Repair...
[01Apr2025 17:54:46.464] [modloading-worker-0/INFO] [quark-zeta/]: Constructing module Dispensers Place Blocks...
[01Apr2025 17:54:46.464] [modloading-worker-0/INFO] [quark-zeta/]: Constructing module Double Door Opening...
[01Apr2025 17:54:46.465] [modloading-worker-0/INFO] [quark-zeta/]: Constructing module Dragon Scales...
[01Apr2025 17:54:46.469] [modloading-worker-0/INFO] [quark-zeta/]: Constructing module Duskbound Blocks...
[01Apr2025 17:54:46.470] [modloading-worker-0/INFO] [quark-zeta/]: Constructing module Dyeable Item Frames...
[01Apr2025 17:54:46.475] [modloading-worker-0/INFO] [quark-zeta/]: Constructing module Easy Transfering...
[01Apr2025 17:54:46.476] [modloading-worker-0/INFO] [quark-zeta/]: Constructing module Elytra Indicator...
[01Apr2025 17:54:46.476] [modloading-worker-0/INFO] [quark-zeta/]: Constructing module Emotes...
[01Apr2025 17:54:46.477] [modloading-worker-0/INFO] [quark-zeta/]: Constructing module Enchantment Predicates...
[01Apr2025 17:54:46.477] [modloading-worker-0/INFO] [quark-zeta/]: Constructing module Enchantments Begone...
[01Apr2025 17:54:46.481] [modloading-worker-0/INFO] [quark-zeta/]: Constructing module Ender Watcher...
[01Apr2025 17:54:46.485] [modloading-worker-0/INFO] [quark-zeta/]: Constructing module Endermosh Music Disc...
[01Apr2025 17:54:46.485] [modloading-worker-0/INFO] [quark-zeta/]: Constructing module Enhanced Ladders...
[01Apr2025 17:54:46.485] [modloading-worker-0/INFO] [quark-zeta/]: Constructing module Expanded Item Interactions...
[01Apr2025 17:54:46.489] [modloading-worker-0/INFO] [quark-zeta/]: Constructing module Fairy Rings...
[01Apr2025 17:54:46.491] [modloading-worker-0/INFO] [quark-zeta/]: Constructing module Feeding Trough...
[01Apr2025 17:54:46.498] [modloading-worker-0/INFO] [quark-zeta/]: Constructing module Forgotten...
[01Apr2025 17:54:46.514] [modloading-worker-0/INFO] [quark-zeta/]: Constructing module Foxhound...
[01Apr2025 17:54:46.527] [modloading-worker-0/INFO] [quark-zeta/]: Constructing module Framed Glass...
[01Apr2025 17:54:46.530] [modloading-worker-0/INFO] [quark-zeta/]: Constructing module Game Nerfs...
[01Apr2025 17:54:46.531] [modloading-worker-0/INFO] [quark-zeta/]: Constructing module Glass Item Frame...
[01Apr2025 17:54:46.536] [modloading-worker-0/INFO] [quark-zeta/]: Constructing module Glass Shard...
[01Apr2025 17:54:46.537] [modloading-worker-0/INFO] [quark-zeta/]: Constructing module Glimmering Weald...
[01Apr2025 17:54:46.555] [modloading-worker-0/INFO] [quark-zeta/]: Constructing module Gold Bars...
[01Apr2025 17:54:46.555] [modloading-worker-0/INFO] [quark-zeta/]: Constructing module Gold Tools Have Fortune...
[01Apr2025 17:54:46.560] [modloading-worker-0/INFO] [quark-zeta/]: Constructing module Grab Chickens...
[01Apr2025 17:54:46.561] [modloading-worker-0/INFO] [quark-zeta/]: Constructing module Grate...
[01Apr2025 17:54:46.567] [modloading-worker-0/INFO] [quark-zeta/]: Constructing module Gravisand...
[01Apr2025 17:54:46.568] [modloading-worker-0/INFO] [quark-zeta/]: Constructing module Greener Grass...
[01Apr2025 17:54:46.569] [modloading-worker-0/INFO] [quark-zeta/]: Constructing module Hedges...
[01Apr2025 17:54:46.573] [modloading-worker-0/INFO] [quark-zeta/]: Constructing module Hoe Harvesting...
[01Apr2025 17:54:46.573] [modloading-worker-0/INFO] [quark-zeta/]: Constructing module Hollow Logs...
[01Apr2025 17:54:46.575] [modloading-worker-0/INFO] [quark-zeta/]: Constructing module Horses Swim...
[01Apr2025 17:54:46.575] [modloading-worker-0/INFO] [quark-zeta/]: Constructing module Hotbar Changer...
[01Apr2025 17:54:46.576] [modloading-worker-0/INFO] [quark-zeta/]: Constructing module Improved Sponges...
[01Apr2025 17:54:46.576] [modloading-worker-0/INFO] [quark-zeta/]: Constructing module Improved Tooltips...
[01Apr2025 17:54:46.578] [modloading-worker-0/INFO] [quark-zeta/]: Constructing module Industrial Palette...
[01Apr2025 17:54:46.579] [modloading-worker-0/INFO] [quark-zeta/]: Constructing module Inventory Sorting...
[01Apr2025 17:54:46.579] [modloading-worker-0/INFO] [quark-zeta/]: Constructing module Iron Rod...
[01Apr2025 17:54:46.592] [modloading-worker-0/INFO] [quark-zeta/]: Constructing module Item Sharing...
[01Apr2025 17:54:46.592] [modloading-worker-0/INFO] [quark-zeta/]: Constructing module Japanese Palette...
[01Apr2025 17:54:46.593] [modloading-worker-0/INFO] [quark-zeta/]: Constructing module Leaf Carpet...
[01Apr2025 17:54:46.593] [modloading-worker-0/INFO] [quark-zeta/]: Constructing module Lock Rotation...
[01Apr2025 17:54:46.597] [modloading-worker-0/INFO] [quark-zeta/]: Constructing module Long Range Pick Block...
[01Apr2025 17:54:46.598] [modloading-worker-0/INFO] [quark-zeta/]: Constructing module Magnets...
[01Apr2025 17:54:46.603] [modloading-worker-0/INFO] [quark-zeta/]: Constructing module Map Washing...
[01Apr2025 17:54:46.604] [modloading-worker-0/INFO] [quark-zeta/]: Constructing module Matrix Enchanting...
[01Apr2025 17:54:46.622] [modloading-worker-0/INFO] [quark-zeta/]: Constructing module Metal Buttons...
[01Apr2025 17:54:46.622] [modloading-worker-0/INFO] [quark-zeta/]: Constructing module Microcrafting Helper...
[01Apr2025 17:54:46.623] [modloading-worker-0/INFO] [quark-zeta/]: Constructing module Midori...
[01Apr2025 17:54:46.623] [modloading-worker-0/INFO] [quark-zeta/]: Constructing module Monster Box...
[01Apr2025 17:54:46.624] [modloading-worker-0/INFO] [quark-zeta/]: Constructing module More Banner Layers...
[01Apr2025 17:54:46.624] [modloading-worker-0/INFO] [quark-zeta/]: Constructing module More Brick Types...
[01Apr2025 17:54:46.627] [modloading-worker-0/INFO] [quark-zeta/]: Constructing module More Mud Blocks...
[01Apr2025 17:54:46.627] [modloading-worker-0/INFO] [quark-zeta/]: Constructing module More Note Block Sounds...
[01Apr2025 17:54:46.628] [modloading-worker-0/INFO] [quark-zeta/]: Constructing module More Potted Plants...
[01Apr2025 17:54:46.628] [modloading-worker-0/INFO] [quark-zeta/]: Constructing module Narrator Readout...
[01Apr2025 17:54:46.629] [modloading-worker-0/INFO] [quark-zeta/]: Constructing module Nether Brick Fence Gate...
[01Apr2025 17:54:46.629] [modloading-worker-0/INFO] [quark-zeta/]: Constructing module Nether Obsidian Spikes...
[01Apr2025 17:54:46.632] [modloading-worker-0/INFO] [quark-zeta/]: Constructing module New Stone Types...
[01Apr2025 17:54:46.637] [modloading-worker-0/INFO] [quark-zeta/]: Constructing module No Durability On Cosmetics...
[01Apr2025 17:54:46.639] [modloading-worker-0/INFO] [quark-zeta/]: Constructing module No More Lava Pockets...
[01Apr2025 17:54:46.641] [modloading-worker-0/INFO] [quark-zeta/]: Constructing module Obsidian Plate...
[01Apr2025 17:54:46.641] [modloading-worker-0/INFO] [quark-zeta/]: Constructing module Overlay Shader...
[01Apr2025 17:54:46.642] [modloading-worker-0/INFO] [quark-zeta/]: Constructing module Parrot Eggs...
[01Apr2025 17:54:46.643] [modloading-worker-0/INFO] [quark-zeta/]: Constructing module Pat The Dogs...
[01Apr2025 17:54:46.653] [modloading-worker-0/INFO] [quark-zeta/]: Constructing module Pathfinder Maps...
[01Apr2025 17:54:46.673] [modloading-worker-0/INFO] [quark-zeta/]: Constructing module Permafrost...
[01Apr2025 17:54:46.676] [modloading-worker-0/INFO] [quark-zeta/]: Constructing module Pickarang...
[01Apr2025 17:54:46.687] [modloading-worker-0/INFO] [quark-zeta/]: Constructing module Pig Litters...
[01Apr2025 17:54:46.687] [modloading-worker-0/INFO] [quark-zeta/]: Constructing module Pipes...
[01Apr2025 17:54:46.694] [modloading-worker-0/INFO] [quark-zeta/]: Constructing module Pistons Move Tile Entities...
[01Apr2025 17:54:46.694] [modloading-worker-0/INFO] [quark-zeta/]: Constructing module Poison Potato Usage...
[01Apr2025 17:54:46.695] [modloading-worker-0/INFO] [quark-zeta/]: Constructing module Quick Armor Swapping...
[01Apr2025 17:54:46.698] [modloading-worker-0/INFO] [quark-zeta/]: Constructing module Rainbow Lamps...
[01Apr2025 17:54:46.698] [modloading-worker-0/INFO] [quark-zeta/]: Constructing module Raw Metal Bricks...
[01Apr2025 17:54:46.698] [modloading-worker-0/INFO] [quark-zeta/]: Constructing module Reacharound Placing...
[01Apr2025 17:54:46.699] [modloading-worker-0/INFO] [quark-zeta/]: Constructing module Redstone Randomizer...
[01Apr2025 17:54:46.700] [modloading-worker-0/INFO] [quark-zeta/]: Constructing module Renewable Spore Blossoms...
[01Apr2025 17:54:46.701] [modloading-worker-0/INFO] [quark-zeta/]: Constructing module Replace Scaffolding...
[01Apr2025 17:54:46.711] [modloading-worker-0/INFO] [quark-zeta/]: Constructing module Rope...
[01Apr2025 17:54:46.713] [modloading-worker-0/INFO] [quark-zeta/]: Constructing module Safer Creatures...
[01Apr2025 17:54:46.715] [modloading-worker-0/INFO] [quark-zeta/]: Constructing module Seed Pouch...
[01Apr2025 17:54:46.732] [modloading-worker-0/INFO] [quark-zeta/]: Constructing module Shear Vines...
[01Apr2025 17:54:46.751] [modloading-worker-0/INFO] [quark-zeta/]: Constructing module Shiba...
[01Apr2025 17:54:46.754] [modloading-worker-0/INFO] [quark-zeta/]: Constructing module Shingles...
[01Apr2025 17:54:46.755] [modloading-worker-0/INFO] [quark-zeta/]: Constructing module Shulker Packing...
[01Apr2025 17:54:46.756] [modloading-worker-0/INFO] [quark-zeta/]: Constructing module Simple Harvest...
[01Apr2025 17:54:46.759] [modloading-worker-0/INFO] [quark-zeta/]: Constructing module Skull Pikes...
[01Apr2025 17:54:46.766] [modloading-worker-0/INFO] [quark-zeta/]: Constructing module Slabs To Blocks...
[01Apr2025 17:54:46.767] [modloading-worker-0/INFO] [quark-zeta/]: Constructing module Slime In A Bucket...
[01Apr2025 17:54:46.772] [modloading-worker-0/INFO] [quark-zeta/]: Constructing module Slimes To Magma Cubes...
[01Apr2025 17:54:46.772] [modloading-worker-0/INFO] [quark-zeta/]: Constructing module Snow Golem Player Heads...
[01Apr2025 17:54:46.773] [modloading-worker-0/INFO] [quark-zeta/]: Constructing module Soul Candles...
[01Apr2025 17:54:46.775] [modloading-worker-0/INFO] [quark-zeta/]: Constructing module Soul Sandstone...
[01Apr2025 17:54:46.777] [modloading-worker-0/INFO] [quark-zeta/]: Constructing module Spawner Replacer...
[01Apr2025 17:54:46.778] [modloading-worker-0/INFO] [quark-zeta/]: Constructing module Spiral Spires...
[01Apr2025 17:54:46.787] [modloading-worker-0/INFO] [quark-zeta/]: Constructing module Stonelings...
[01Apr2025 17:54:46.791] [modloading-worker-0/INFO] [quark-zeta/]: Constructing module Stools...
[01Apr2025 17:54:46.792] [modloading-worker-0/INFO] [quark-zeta/]: Constructing module Sturdy Stone...
[01Apr2025 17:54:46.792] [modloading-worker-0/INFO] [quark-zeta/]: Constructing module Thatch...
[01Apr2025 17:54:46.793] [modloading-worker-0/INFO] [quark-zeta/]: Constructing module Tiny Potato...
[01Apr2025 17:54:46.793] [modloading-worker-0/INFO] [quark-zeta/]: Constructing module Torch Arrow...
[01Apr2025 17:54:46.798] [modloading-worker-0/INFO] [quark-zeta/]: Constructing module Toretoise...
[01Apr2025 17:54:46.800] [modloading-worker-0/INFO] [quark-zeta/]: Constructing module Totem Of Holding...
[01Apr2025 17:54:46.802] [modloading-worker-0/INFO] [quark-zeta/]: Constructing module Trowel...
[01Apr2025 17:54:46.804] [modloading-worker-0/INFO] [quark-zeta/]: Constructing module Usage Ticker...
[01Apr2025 17:54:46.805] [modloading-worker-0/INFO] [quark-zeta/]: Constructing module Uses For Curses...
[01Apr2025 17:54:46.806] [modloading-worker-0/INFO] [quark-zeta/]: Constructing module Utility Recipes...
[01Apr2025 17:54:46.806] [modloading-worker-0/INFO] [quark-zeta/]: Constructing module Variant Animal Textures...
[01Apr2025 17:54:46.807] [modloading-worker-0/INFO] [quark-zeta/]: Constructing module Variant Bookshelves...
[01Apr2025 17:54:46.807] [modloading-worker-0/INFO] [quark-zeta/]: Constructing module Variant Chests...
[01Apr2025 17:54:46.825] [modloading-worker-0/INFO] [quark-zeta/]: Constructing module Variant Furnaces...
[01Apr2025 17:54:46.856] [modloading-worker-0/INFO] [quark-zeta/]: Constructing module Variant Ladders...
[01Apr2025 17:54:46.862] [modloading-worker-0/INFO] [quark-zeta/]: Constructing module Variant Selector...
[01Apr2025 17:54:46.870] [modloading-worker-0/INFO] [quark-zeta/]: Constructing module Vertical Planks...
[01Apr2025 17:54:46.879] [modloading-worker-0/INFO] [quark-zeta/]: Constructing module Vertical Slabs...
[01Apr2025 17:54:46.901] [modloading-worker-0/INFO] [quark-zeta/]: Constructing module Vexes Die With Their Masters...
[01Apr2025 17:54:46.901] [modloading-worker-0/INFO] [quark-zeta/]: Constructing module Villager Rerolling Rework...
[01Apr2025 17:54:46.904] [modloading-worker-0/INFO] [quark-zeta/]: Constructing module Villagers Follow Emeralds...
[01Apr2025 17:54:46.905] [modloading-worker-0/INFO] [quark-zeta/]: Constructing module Wooden Posts...
[01Apr2025 17:54:46.907] [modloading-worker-0/INFO] [quark-zeta/]: Constructing module Wool Shuts Up Minecarts...
[01Apr2025 17:54:46.908] [modloading-worker-0/INFO] [quark-zeta/]: Constructing module Wraith...
[01Apr2025 17:54:46.910] [modloading-worker-0/INFO] [quark-zeta/]: Constructing module Zombie Villagers On Normal...
[01Apr2025 17:54:46.911] [modloading-worker-0/INFO] [quark-zeta/]: Constructing module More Stone Variants...
[01Apr2025 17:54:46.914] [modloading-worker-0/INFO] [quark-zeta/]: Constructed 160 modules.
[01Apr2025 17:54:47.356] [main/INFO] [zeta-internal/]: Dispatching ZRegister to 3 listeners
[01Apr2025 17:54:47.364] [main/INFO] [zeta-internal/]: Dispatching ZRegister$Post to 1 listener
[01Apr2025 17:54:47.365] [main/INFO] [quark-zeta/]: Dispatching ZRegister to 96 listeners
[01Apr2025 17:54:48.644] [main/INFO] [quark-zeta/]: Dispatching ZRegister$Post to 6 listeners
[01Apr2025 17:54:51.442] [main/INFO] [Moonlight/]: Initialized block sets in 28ms
[01Apr2025 17:54:55.031] [main/INFO] [quark-zeta/]: Dispatching ForgeZEntityAttributeCreation (as ZEntityAttributeCreation) to 7 listeners
[01Apr2025 17:54:55.378] [main/INFO] [Puzzles Lib/]: Loading common config for mutantmonsters
[01Apr2025 17:54:55.438] [main/INFO] [zeta-internal/]: Dispatching ZConfigChanged to 2 listeners
[01Apr2025 17:54:55.440] [main/INFO] [zeta/]: 'zeta' is enabling Zeta's piston structure resolver.
[01Apr2025 17:54:55.466] [main/INFO] [quark-zeta/]: Dispatching ZConfigChanged to 45 listeners
[01Apr2025 17:54:55.595] [modloading-worker-0/INFO] [bagus_lib/]: Load Bagus Lib Supporter
[01Apr2025 17:54:55.859] [Forge Version Check/INFO] [net.minecraftforge.fml.VersionChecker/]: [easyanvils] Starting version check at https://raw.githubusercontent.com/Fuzss/modresources/main/update/easyanvils.json
[01Apr2025 17:54:55.909] [modloading-worker-0/INFO] [studio.lunareclipse.watching.Init/]: From The Fog Loaded Successfully!
[01Apr2025 17:54:55.923] [Forge Version Check/INFO] [net.minecraftforge.fml.VersionChecker/]: [easyanvils] Found status: OUTDATED Current: 8.0.1 Target: 8.0.2
[01Apr2025 17:54:55.924] [Forge Version Check/INFO] [net.minecraftforge.fml.VersionChecker/]: [aether] Starting version check at https://github.com/The-Aether-Team/The-Aether/raw/1.20.1-develop/update.json
[01Apr2025 17:54:55.942] [modloading-worker-0/INFO] [com.brutalbosses.BrutalBosses/]: brutalbosses mod initialized
[01Apr2025 17:54:55.993] [modloading-worker-0/INFO] [zeta-internal/]: Dispatching ForgeZCommonSetup (as ZCommonSetup) to 2 listeners
[01Apr2025 17:54:56.003] [modloading-worker-0/INFO] [quark-zeta/]: Dispatching ForgeZCommonSetup (as ZCommonSetup) to 39 listeners
[01Apr2025 17:54:56.082] [Forge Version Check/INFO] [net.minecraftforge.fml.VersionChecker/]: [aether] Found status: OUTDATED Current: 1.20.1-1.2.0-neoforge Target: 1.20.1-1.5.2-neoforge
[01Apr2025 17:54:56.082] [Forge Version Check/INFO] [net.minecraftforge.fml.VersionChecker/]: [illagerinvasion] Starting version check at https://raw.githubusercontent.com/Fuzss/modresources/main/update/illagerinvasion.json
[01Apr2025 17:54:56.095] [Forge Version Check/INFO] [net.minecraftforge.fml.VersionChecker/]: [illagerinvasion] Found status: OUTDATED Current: 8.0.3 Target: 8.0.7
[01Apr2025 17:54:56.095] [Forge Version Check/INFO] [net.minecraftforge.fml.VersionChecker/]: [twilightforest] Starting version check at https://gh.tamaized.com/TeamTwilight/twilightforest/update.json
[01Apr2025 17:54:56.250] [Forge Version Check/INFO] [net.minecraftforge.fml.VersionChecker/]: [twilightforest] Found status: AHEAD Current: 4.3.2145 Target: null
[01Apr2025 17:54:56.250] [Forge Version Check/INFO] [net.minecraftforge.fml.VersionChecker/]: [hangglider] Starting version check at https://raw.githubusercontent.com/Fuzss/modresources/main/update/hangglider.json
[01Apr2025 17:54:56.259] [Forge Version Check/INFO] [net.minecraftforge.fml.VersionChecker/]: [hangglider] Found status: UP_TO_DATE Current: 8.0.1 Target: null
[01Apr2025 17:54:56.259] [Forge Version Check/INFO] [net.minecraftforge.fml.VersionChecker/]: [tombstone] Starting version check at https://raw.githubusercontent.com/Corail31/tombstone_lite/master/update.json
[01Apr2025 17:54:56.271] [Forge Version Check/INFO] [net.minecraftforge.fml.VersionChecker/]: [tombstone] Found status: OUTDATED Current: 8.6.3 Target: 8.9.2
[01Apr2025 17:54:56.271] [Forge Version Check/INFO] [net.minecraftforge.fml.VersionChecker/]: [cumulus_menus] Starting version check at https://github.com/The-Aether-Team/Cumulus/raw/1.20.1-develop/update.json
[01Apr2025 17:54:56.297] [Forge Version Check/INFO] [net.minecraftforge.fml.VersionChecker/]: [cumulus_menus] Found status: OUTDATED Current: 1.20.1-1.0.0-neoforge Target: 1.20.1-1.0.1-neoforge
[01Apr2025 17:54:56.297] [Forge Version Check/INFO] [net.minecraftforge.fml.VersionChecker/]: [enchantinginfuser] Starting version check at https://raw.githubusercontent.com/Fuzss/modresources/main/update/enchantinginfuser.json
[01Apr2025 17:54:56.311] [Forge Version Check/INFO] [net.minecraftforge.fml.VersionChecker/]: [enchantinginfuser] Found status: OUTDATED Current: 8.0.2 Target: 8.0.3
[01Apr2025 17:54:56.312] [Forge Version Check/INFO] [net.minecraftforge.fml.VersionChecker/]: [mutantmonsters] Starting version check at https://raw.githubusercontent.com/Fuzss/modresources/main/update/mutantmonsters.json
[01Apr2025 17:54:56.326] [Forge Version Check/INFO] [net.minecraftforge.fml.VersionChecker/]: [mutantmonsters] Found status: UP_TO_DATE Current: 8.0.7 Target: null
[01Apr2025 17:54:56.326] [Forge Version Check/INFO] [net.minecraftforge.fml.VersionChecker/]: [clumps] Starting version check at https://updates.blamejared.com/get?n=clumps&gv=1.20.1
[01Apr2025 17:54:56.350] [main/INFO] [Moonlight/]: Initialized color sets in 89ms
[01Apr2025 17:54:56.382] [main/INFO] [zeta-internal/]: Dispatching ZConfigChanged to 2 listeners
[01Apr2025 17:54:56.384] [main/INFO] [quark-zeta/]: Dispatching ZConfigChanged to 45 listeners
[01Apr2025 17:54:56.417] [main/INFO] [Supplementaries/]: Finished mod setup in: [0, 3, 0, 1, 0, 0, 16, 2] ms
[01Apr2025 17:54:56.444] [modloading-worker-0/INFO] [xaero.minimap.XaeroMinimap/]: Loading Xaero's Minimap - Stage 1/2 (Server)
[01Apr2025 17:54:56.450] [main/INFO] [xaero.minimap.XaeroMinimap/]: Loading Xaero's Minimap - Stage 2/2 (Server)
[01Apr2025 17:54:56.489] [modloading-worker-0/INFO] [io.redspace.ironsspellbooks.IronsSpellbooks/]: Got IMC []
[01Apr2025 17:54:56.516] [modloading-worker-0/INFO] [com.eeeab.eeeabsmobs.EEEABMobs/]: Registering custom criteria trigger...
[01Apr2025 17:54:56.519] [modloading-worker-0/INFO] [zeta-internal/]: Dispatching ForgeZLoadComplete (as ZLoadComplete) to 1 listener
[01Apr2025 17:54:56.527] [modloading-worker-0/INFO] [quark-zeta/]: Dispatching ForgeZLoadComplete (as ZLoadComplete) to 6 listeners
[01Apr2025 17:54:56.534] [modloading-worker-0/INFO] [net.xalcon.torchmaster.Torchmaster/]: Applying mega torch entity block list overrides...
[01Apr2025 17:54:56.536] [modloading-worker-0/INFO] [net.xalcon.torchmaster.Torchmaster/]: Applying dread lamp entity block list overrides...
[01Apr2025 17:54:56.711] [Forge Version Check/INFO] [net.minecraftforge.fml.VersionChecker/]: [clumps] Found status: BETA Current: 12.0.0.4 Target: 12.0.0.4
[01Apr2025 17:54:56.712] [Forge Version Check/INFO] [net.minecraftforge.fml.VersionChecker/]: [puzzlesaccessapi] Starting version check at https://raw.githubusercontent.com/Fuzss/modresources/main/update/puzzlesaccessapi.json
[01Apr2025 17:54:56.723] [Forge Version Check/INFO] [net.minecraftforge.fml.VersionChecker/]: [puzzlesaccessapi] Found status: BETA Current: 8.0.7 Target: null
[01Apr2025 17:54:56.724] [Forge Version Check/INFO] [net.minecraftforge.fml.VersionChecker/]: [forge] Starting version check at https://files.minecraftforge.net/net/minecraftforge/forge/promotions_slim.json
[01Apr2025 17:54:56.876] [Forge Version Check/INFO] [net.minecraftforge.fml.VersionChecker/]: [forge] Found status: OUTDATED Current: 47.3.7 Target: 47.4.0
[01Apr2025 17:54:56.877] [Forge Version Check/INFO] [net.minecraftforge.fml.VersionChecker/]: [moonlight] Starting version check at https://raw.githubusercontent.com/MehVahdJukaar/Moonlight/multi-loader/forge/update.json
[01Apr2025 17:54:56.888] [Forge Version Check/INFO] [net.minecraftforge.fml.VersionChecker/]: [moonlight] Found status: BETA Current: 1.20-2.11.0 Target: null
[01Apr2025 17:54:56.888] [Forge Version Check/INFO] [net.minecraftforge.fml.VersionChecker/]: [securitycraft] Starting version check at https://www.github.com/Geforce132/SecurityCraft/raw/master/Updates/Forge.json
[01Apr2025 17:54:56.955] [Forge Version Check/INFO] [net.minecraftforge.fml.VersionChecker/]: [securitycraft] Found status: OUTDATED Current: 1.9.9 Target: 1.9.12
[01Apr2025 17:54:56.955] [Forge Version Check/INFO] [net.minecraftforge.fml.VersionChecker/]: [supplementaries] Starting version check at https://raw.githubusercontent.com/MehVahdJukaar/Supplementaries/1.20/forge/update.json
[01Apr2025 17:54:56.967] [Forge Version Check/INFO] [net.minecraftforge.fml.VersionChecker/]: [supplementaries] Found status: BETA Current: 1.20-2.8.6 Target: null
[01Apr2025 17:54:56.968] [Forge Version Check/INFO] [net.minecraftforge.fml.VersionChecker/]: [puzzleslib] Starting version check at https://raw.githubusercontent.com/Fuzss/modresources/main/update/puzzleslib.json
[01Apr2025 17:54:56.979] [Forge Version Check/INFO] [net.minecraftforge.fml.VersionChecker/]: [puzzleslib] Found status: OUTDATED Current: 8.1.17 Target: 8.1.29
[01Apr2025 17:54:56.979] [Forge Version Check/INFO] [net.minecraftforge.fml.VersionChecker/]: [ad_astra] Starting version check at https://api.modrinth.com/updates/3ufwT9JF/forge_updates.json
[01Apr2025 17:54:57.210] [Forge Version Check/INFO] [net.minecraftforge.fml.VersionChecker/]: [ad_astra] Found status: OUTDATED Current: 1.15.18 Target: 1.15.20
[01Apr2025 17:55:09.901] [main/INFO] [com.mojang.authlib.yggdrasil.YggdrasilAuthenticationService/]: Environment: authHost='https://authserver.mojang.com', accountsHost='https://api.mojang.com', sessionHost='https://sessionserver.mojang.com', servicesHost='https://api.minecraftservices.com', name='PROD'
[01Apr2025 17:55:20.027] [main/WARN] [net.minecraft.server.packs.VanillaPackResourcesBuilder/]: Assets URL 'union:/workspaces/SERVICIOS/servidor_minecraft/libraries/net/minecraft/server/1.20.1-20230612.114412/server-1.20.1-20230612.114412-srg.jar%23309!/assets/.mcassetsroot' uses unexpected schema
[01Apr2025 17:55:20.027] [main/WARN] [net.minecraft.server.packs.VanillaPackResourcesBuilder/]: Assets URL 'union:/workspaces/SERVICIOS/servidor_minecraft/libraries/net/minecraft/server/1.20.1-20230612.114412/server-1.20.1-20230612.114412-srg.jar%23309!/data/.mcassetsroot' uses unexpected schema
[01Apr2025 17:55:20.658] [main/INFO] [Supplementaries/]: Generated runtime SERVER_DATA for pack Supplementaries Generated Pack (supplementaries) in: 123 ms
[01Apr2025 17:55:23.881] [main/INFO] [com.github.alexthe666.alexsmobs.AlexsMobs/]: Adding datapack listener capsid_recipes
[01Apr2025 17:55:23.926] [main/INFO] [Calio/]: CDRM Initialized with 16 registries
[01Apr2025 17:55:23.931] [main/INFO] [quark-zeta/]: Dispatching ForgeZAddReloadListener (as ZAddReloadListener) to 2 listeners
[01Apr2025 17:55:23.932] [main/INFO] [quark-zeta/]: Dispatching AdvancementModifierRegistry$1 (as ZGatherAdvancementModifiers) to 1 listener
[01Apr2025 17:55:23.934] [main/INFO] [zeta-internal/]: Dispatching ForgeZAddReloadListener (as ZAddReloadListener) to 2 listeners
[01Apr2025 17:55:24.055] [Worker-Main-3/WARN] [artifacts.Artifacts/]: Tag entries for curios:tags/items/magic_book.json cleared by tombstone-1.20.1-8.6.3.jar
[01Apr2025 17:55:24.079] [Worker-Main-2/ERROR] [net.minecraft.tags.TagLoader/]: Couldn't load tag alexsmobs:skreechers_can_spawn_wardens as it is missing following references: deeperdarker:otherside (from deeperdarker-forge-1.20.1-1.2.1.jar)
[01Apr2025 17:55:24.082] [Worker-Main-2/ERROR] [net.minecraft.tags.TagLoader/]: Couldn't load tag forge:is_eyestalker as it is missing following references: #forge:is_end (from enemyexpansion-2.3.1-forge-1.20.1.jar)
[01Apr2025 17:55:26.727] [main/WARN] [net.minecraft.world.level.storage.loot.LootDataManager/]: Found loot table element validation problem in {loot_tables:luminousworld:entities/fawn}.pools[0].entries[0].functions[1]: Parameters [<parameter minecraft:tool>] are not provided in this context
[01Apr2025 17:55:26.727] [main/WARN] [net.minecraft.world.level.storage.loot.LootDataManager/]: Found loot table element validation problem in {loot_tables:undead_revamp2:entities/theheavy}.pools[2].entries[1].functions[1]: Parameters [<parameter minecraft:tool>] are not provided in this context
[01Apr2025 17:55:26.727] [main/WARN] [net.minecraft.world.level.storage.loot.LootDataManager/]: Found loot table element validation problem in {loot_tables:undead_revamp2:entities/slaveman}.pools[3].entries[0].functions[1]: Parameters [<parameter minecraft:tool>] are not provided in this context
[01Apr2025 17:55:26.727] [main/WARN] [net.minecraft.world.level.storage.loot.LootDataManager/]: Found loot table element validation problem in {loot_tables:undead_revamp2:entities/theskeeper}.pools[1].entries[0].functions[1]: Parameters [<parameter minecraft:tool>] are not provided in this context
[01Apr2025 17:55:26.727] [main/WARN] [net.minecraft.world.level.storage.loot.LootDataManager/]: Found loot table element validation problem in {loot_tables:luminousworld:entities/deer}.pools[0].entries[0].functions[1]: Parameters [<parameter minecraft:tool>] are not provided in this context
[01Apr2025 17:55:26.727] [main/WARN] [net.minecraft.world.level.storage.loot.LootDataManager/]: Found loot table element validation problem in {loot_tables:luminousworld:entities/deer}.pools[0].entries[1].functions[1]: Parameters [<parameter minecraft:tool>] are not provided in this context
[01Apr2025 17:55:26.727] [main/WARN] [net.minecraft.world.level.storage.loot.LootDataManager/]: Found loot table element validation problem in {loot_tables:luminousworld:entities/fawn}.pools[0].entries[1].functions[1]: Parameters [<parameter minecraft:tool>] are not provided in this context
[01Apr2025 17:55:26.802] [main/INFO] [net.minecraft.world.item.crafting.RecipeManager/]: Skipping loading recipe supplementaries:inspirations/blackboard_clear as it's serializer returned null
[01Apr2025 17:55:26.814] [main/ERROR] [net.minecraft.world.item.crafting.RecipeManager/]: Parsing error loading recipe irons_spellbooks:curios/concentration_amulet
com.google.gson.JsonSyntaxException: Unknown item 'irons_spellbooks:mithril_ingot'
	at net.minecraft.world.item.crafting.ShapedRecipe.m_151280_(ShapedRecipe.java:292) ~[server-1.20.1-20230612.114412-srg.jar%23309!/:?]
	at java.util.Optional.orElseThrow(Optional.java:403) ~[?:?]
	at net.minecraft.world.item.crafting.ShapedRecipe.m_151278_(ShapedRecipe.java:291) ~[server-1.20.1-20230612.114412-srg.jar%23309!/:?]
	at net.minecraft.world.item.crafting.Ingredient.m_43919_(Ingredient.java:219) ~[server-1.20.1-20230612.114412-srg.jar%23309!/:?]
	at net.minecraftforge.common.crafting.VanillaIngredientSerializer.parse(VanillaIngredientSerializer.java:27) ~[forge-1.20.1-47.3.7-universal.jar%23314!/:?]
	at net.minecraftforge.common.crafting.CraftingHelper.getIngredient(CraftingHelper.java:148) ~[forge-1.20.1-47.3.7-universal.jar%23314!/:?]
	at net.minecraft.world.item.crafting.Ingredient.m_288218_(Ingredient.java:194) ~[server-1.20.1-20230612.114412-srg.jar%23309!/:?]
	at net.minecraft.world.item.crafting.ShapedRecipe.m_44210_(ShapedRecipe.java:278) ~[server-1.20.1-20230612.114412-srg.jar%23309!/:?]
	at net.minecraft.world.item.crafting.ShapedRecipe$Serializer.m_6729_(ShapedRecipe.java:306) ~[server-1.20.1-20230612.114412-srg.jar%23309!/:?]
	at net.minecraft.world.item.crafting.ShapedRecipe$Serializer.m_6729_(ShapedRecipe.java:301) ~[server-1.20.1-20230612.114412-srg.jar%23309!/:?]
	at net.minecraftforge.common.extensions.IForgeRecipeSerializer.fromJson(IForgeRecipeSerializer.java:23) ~[forge-1.20.1-47.3.7-universal.jar%23314!/:?]
	at net.minecraft.world.item.crafting.RecipeManager.fromJson(RecipeManager.java:171) ~[server-1.20.1-20230612.114412-srg.jar%23309!/:?]
	at net.minecraft.world.item.crafting.RecipeManager.m_5787_(RecipeManager.java:67) ~[server-1.20.1-20230612.114412-srg.jar%23309!/:?]
	at net.minecraft.world.item.crafting.RecipeManager.m_5787_(RecipeManager.java:34) ~[server-1.20.1-20230612.114412-srg.jar%23309!/:?]
	at net.minecraft.server.packs.resources.SimplePreparableReloadListener.m_10789_(SimplePreparableReloadListener.java:13) ~[server-1.20.1-20230612.114412-srg.jar%23309!/:?]
	at java.util.concurrent.CompletableFuture$UniAccept.tryFire(CompletableFuture.java:718) ~[?:?]
	at java.util.concurrent.CompletableFuture$Completion.run(CompletableFuture.java:482) ~[?:?]
	at net.minecraft.server.packs.resources.SimpleReloadInstance.m_143940_(SimpleReloadInstance.java:69) ~[server-1.20.1-20230612.114412-srg.jar%23309!/:?]
	at net.minecraft.Util.m_214652_(Util.java:783) ~[server-1.20.1-20230612.114412-srg.jar%23309!/:?]
	at net.minecraft.Util.m_214679_(Util.java:772) ~[server-1.20.1-20230612.114412-srg.jar%23309!/:?]
	at net.minecraft.server.Main.main(Main.java:166) ~[server-1.20.1-20230612.114412-srg.jar%23309!/:?]
	at jdk.internal.reflect.NativeMethodAccessorImpl.invoke0(Native Method) ~[?:?]
	at jdk.internal.reflect.NativeMethodAccessorImpl.invoke(NativeMethodAccessorImpl.java:77) ~[?:?]
	at jdk.internal.reflect.DelegatingMethodAccessorImpl.invoke(DelegatingMethodAccessorImpl.java:43) ~[?:?]
	at java.lang.reflect.Method.invoke(Method.java:569) ~[?:?]
	at net.minecraftforge.fml.loading.targets.CommonLaunchHandler.runTarget(CommonLaunchHandler.java:111) ~[fmlloader-1.20.1-47.3.7.jar%2369!/:?]
	at net.minecraftforge.fml.loading.targets.CommonLaunchHandler.serverService(CommonLaunchHandler.java:103) ~[fmlloader-1.20.1-47.3.7.jar%2369!/:?]
	at net.minecraftforge.fml.loading.targets.CommonServerLaunchHandler.lambda$makeService$0(CommonServerLaunchHandler.java:27) ~[fmlloader-1.20.1-47.3.7.jar%2369!/:?]
	at cpw.mods.modlauncher.LaunchServiceHandlerDecorator.launch(LaunchServiceHandlerDecorator.java:30) ~[modlauncher-10.0.9.jar%2355!/:?]
	at cpw.mods.modlauncher.LaunchServiceHandler.launch(LaunchServiceHandler.java:53) ~[modlauncher-10.0.9.jar%2355!/:?]
	at cpw.mods.modlauncher.LaunchServiceHandler.launch(LaunchServiceHandler.java:71) ~[modlauncher-10.0.9.jar%2355!/:?]
	at cpw.mods.modlauncher.Launcher.run(Launcher.java:108) ~[modlauncher-10.0.9.jar%2355!/:?]
	at cpw.mods.modlauncher.Launcher.main(Launcher.java:78) ~[modlauncher-10.0.9.jar%2355!/:?]
	at cpw.mods.modlauncher.BootstrapLaunchConsumer.accept(BootstrapLaunchConsumer.java:26) ~[modlauncher-10.0.9.jar%2355!/:?]
	at cpw.mods.modlauncher.BootstrapLaunchConsumer.accept(BootstrapLaunchConsumer.java:23) ~[modlauncher-10.0.9.jar%2355!/:?]
	at cpw.mods.bootstraplauncher.BootstrapLauncher.main(BootstrapLauncher.java:141) ~[bootstraplauncher-1.1.2.jar:?]
[01Apr2025 17:55:26.844] [main/INFO] [net.minecraft.world.item.crafting.RecipeManager/]: Skipping loading recipe twilightforest:jeed/frosted as it's serializer returned null
[01Apr2025 17:55:26.846] [main/INFO] [net.minecraft.world.item.crafting.RecipeManager/]: Skipping loading recipe supplementaries:inspirations/flag_dye as it's serializer returned null
[01Apr2025 17:55:26.858] [main/INFO] [net.minecraft.world.item.crafting.RecipeManager/]: Skipping loading recipe twilightforest:jeed/hunger as it's serializer returned null
[01Apr2025 17:55:26.906] [main/INFO] [net.minecraft.world.item.crafting.RecipeManager/]: Skipping loading recipe twilightforest:jeed/blindness as it's serializer returned null
[01Apr2025 17:55:26.927] [main/INFO] [net.minecraft.world.item.crafting.RecipeManager/]: Skipping loading recipe twilightforest:jeed/poison as it's serializer returned null
[01Apr2025 17:55:26.978] [main/INFO] [net.minecraft.world.item.crafting.RecipeManager/]: Skipping loading recipe twilightforest:jeed/resistance as it's serializer returned null
[01Apr2025 17:55:26.988] [main/INFO] [net.minecraft.world.item.crafting.RecipeManager/]: Skipping loading recipe supplementaries:inspirations/flag_clear as it's serializer returned null
[01Apr2025 17:55:26.991] [main/ERROR] [net.minecraft.world.item.crafting.RecipeManager/]: Parsing error loading recipe naturalist:frontier_cap
com.google.gson.JsonSyntaxException: Invalid or unsupported recipe type 'forge:mod_loaded'
	at net.minecraft.world.item.crafting.RecipeManager.m_220253_(RecipeManager.java:170) ~[server-1.20.1-20230612.114412-srg.jar%23309!/:?]
	at java.util.Optional.orElseThrow(Optional.java:403) ~[?:?]
	at net.minecraft.world.item.crafting.RecipeManager.fromJson(RecipeManager.java:169) ~[server-1.20.1-20230612.114412-srg.jar%23309!/:?]
	at net.minecraft.world.item.crafting.RecipeManager.m_5787_(RecipeManager.java:67) ~[server-1.20.1-20230612.114412-srg.jar%23309!/:?]
	at net.minecraft.world.item.crafting.RecipeManager.m_5787_(RecipeManager.java:34) ~[server-1.20.1-20230612.114412-srg.jar%23309!/:?]
	at net.minecraft.server.packs.resources.SimplePreparableReloadListener.m_10789_(SimplePreparableReloadListener.java:13) ~[server-1.20.1-20230612.114412-srg.jar%23309!/:?]
	at java.util.concurrent.CompletableFuture$UniAccept.tryFire(CompletableFuture.java:718) ~[?:?]
	at java.util.concurrent.CompletableFuture$Completion.run(CompletableFuture.java:482) ~[?:?]
	at net.minecraft.server.packs.resources.SimpleReloadInstance.m_143940_(SimpleReloadInstance.java:69) ~[server-1.20.1-20230612.114412-srg.jar%23309!/:?]
	at net.minecraft.Util.m_214652_(Util.java:783) ~[server-1.20.1-20230612.114412-srg.jar%23309!/:?]
	at net.minecraft.Util.m_214679_(Util.java:772) ~[server-1.20.1-20230612.114412-srg.jar%23309!/:?]
	at net.minecraft.server.Main.main(Main.java:166) ~[server-1.20.1-20230612.114412-srg.jar%23309!/:?]
	at jdk.internal.reflect.NativeMethodAccessorImpl.invoke0(Native Method) ~[?:?]
	at jdk.internal.reflect.NativeMethodAccessorImpl.invoke(NativeMethodAccessorImpl.java:77) ~[?:?]
	at jdk.internal.reflect.DelegatingMethodAccessorImpl.invoke(DelegatingMethodAccessorImpl.java:43) ~[?:?]
	at java.lang.reflect.Method.invoke(Method.java:569) ~[?:?]
	at net.minecraftforge.fml.loading.targets.CommonLaunchHandler.runTarget(CommonLaunchHandler.java:111) ~[fmlloader-1.20.1-47.3.7.jar%2369!/:?]
	at net.minecraftforge.fml.loading.targets.CommonLaunchHandler.serverService(CommonLaunchHandler.java:103) ~[fmlloader-1.20.1-47.3.7.jar%2369!/:?]
	at net.minecraftforge.fml.loading.targets.CommonServerLaunchHandler.lambda$makeService$0(CommonServerLaunchHandler.java:27) ~[fmlloader-1.20.1-47.3.7.jar%2369!/:?]
	at cpw.mods.modlauncher.LaunchServiceHandlerDecorator.launch(LaunchServiceHandlerDecorator.java:30) ~[modlauncher-10.0.9.jar%2355!/:?]
	at cpw.mods.modlauncher.LaunchServiceHandler.launch(LaunchServiceHandler.java:53) ~[modlauncher-10.0.9.jar%2355!/:?]
	at cpw.mods.modlauncher.LaunchServiceHandler.launch(LaunchServiceHandler.java:71) ~[modlauncher-10.0.9.jar%2355!/:?]
	at cpw.mods.modlauncher.Launcher.run(Launcher.java:108) ~[modlauncher-10.0.9.jar%2355!/:?]
	at cpw.mods.modlauncher.Launcher.main(Launcher.java:78) ~[modlauncher-10.0.9.jar%2355!/:?]
	at cpw.mods.modlauncher.BootstrapLaunchConsumer.accept(BootstrapLaunchConsumer.java:26) ~[modlauncher-10.0.9.jar%2355!/:?]
	at cpw.mods.modlauncher.BootstrapLaunchConsumer.accept(BootstrapLaunchConsumer.java:23) ~[modlauncher-10.0.9.jar%2355!/:?]
	at cpw.mods.bootstraplauncher.BootstrapLauncher.main(BootstrapLauncher.java:141) ~[bootstraplauncher-1.1.2.jar:?]
[01Apr2025 17:55:26.995] [main/ERROR] [net.minecraft.world.item.crafting.RecipeManager/]: Parsing error loading recipe naturalist:frontier_cap_alt
com.google.gson.JsonSyntaxException: Invalid or unsupported recipe type 'forge:mod_loaded'
	at net.minecraft.world.item.crafting.RecipeManager.m_220253_(RecipeManager.java:170) ~[server-1.20.1-20230612.114412-srg.jar%23309!/:?]
	at java.util.Optional.orElseThrow(Optional.java:403) ~[?:?]
	at net.minecraft.world.item.crafting.RecipeManager.fromJson(RecipeManager.java:169) ~[server-1.20.1-20230612.114412-srg.jar%23309!/:?]
	at net.minecraft.world.item.crafting.RecipeManager.m_5787_(RecipeManager.java:67) ~[server-1.20.1-20230612.114412-srg.jar%23309!/:?]
	at net.minecraft.world.item.crafting.RecipeManager.m_5787_(RecipeManager.java:34) ~[server-1.20.1-20230612.114412-srg.jar%23309!/:?]
	at net.minecraft.server.packs.resources.SimplePreparableReloadListener.m_10789_(SimplePreparableReloadListener.java:13) ~[server-1.20.1-20230612.114412-srg.jar%23309!/:?]
	at java.util.concurrent.CompletableFuture$UniAccept.tryFire(CompletableFuture.java:718) ~[?:?]
	at java.util.concurrent.CompletableFuture$Completion.run(CompletableFuture.java:482) ~[?:?]
	at net.minecraft.server.packs.resources.SimpleReloadInstance.m_143940_(SimpleReloadInstance.java:69) ~[server-1.20.1-20230612.114412-srg.jar%23309!/:?]
	at net.minecraft.Util.m_214652_(Util.java:783) ~[server-1.20.1-20230612.114412-srg.jar%23309!/:?]
	at net.minecraft.Util.m_214679_(Util.java:772) ~[server-1.20.1-20230612.114412-srg.jar%23309!/:?]
	at net.minecraft.server.Main.main(Main.java:166) ~[server-1.20.1-20230612.114412-srg.jar%23309!/:?]
	at jdk.internal.reflect.NativeMethodAccessorImpl.invoke0(Native Method) ~[?:?]
	at jdk.internal.reflect.NativeMethodAccessorImpl.invoke(NativeMethodAccessorImpl.java:77) ~[?:?]
	at jdk.internal.reflect.DelegatingMethodAccessorImpl.invoke(DelegatingMethodAccessorImpl.java:43) ~[?:?]
	at java.lang.reflect.Method.invoke(Method.java:569) ~[?:?]
	at net.minecraftforge.fml.loading.targets.CommonLaunchHandler.runTarget(CommonLaunchHandler.java:111) ~[fmlloader-1.20.1-47.3.7.jar%2369!/:?]
	at net.minecraftforge.fml.loading.targets.CommonLaunchHandler.serverService(CommonLaunchHandler.java:103) ~[fmlloader-1.20.1-47.3.7.jar%2369!/:?]
	at net.minecraftforge.fml.loading.targets.CommonServerLaunchHandler.lambda$makeService$0(CommonServerLaunchHandler.java:27) ~[fmlloader-1.20.1-47.3.7.jar%2369!/:?]
	at cpw.mods.modlauncher.LaunchServiceHandlerDecorator.launch(LaunchServiceHandlerDecorator.java:30) ~[modlauncher-10.0.9.jar%2355!/:?]
	at cpw.mods.modlauncher.LaunchServiceHandler.launch(LaunchServiceHandler.java:53) ~[modlauncher-10.0.9.jar%2355!/:?]
	at cpw.mods.modlauncher.LaunchServiceHandler.launch(LaunchServiceHandler.java:71) ~[modlauncher-10.0.9.jar%2355!/:?]
	at cpw.mods.modlauncher.Launcher.run(Launcher.java:108) ~[modlauncher-10.0.9.jar%2355!/:?]
	at cpw.mods.modlauncher.Launcher.main(Launcher.java:78) ~[modlauncher-10.0.9.jar%2355!/:?]
	at cpw.mods.modlauncher.BootstrapLaunchConsumer.accept(BootstrapLaunchConsumer.java:26) ~[modlauncher-10.0.9.jar%2355!/:?]
	at cpw.mods.modlauncher.BootstrapLaunchConsumer.accept(BootstrapLaunchConsumer.java:23) ~[modlauncher-10.0.9.jar%2355!/:?]
	at cpw.mods.bootstraplauncher.BootstrapLauncher.main(BootstrapLauncher.java:141) ~[bootstraplauncher-1.1.2.jar:?]
[01Apr2025 17:55:27.004] [main/INFO] [net.minecraft.world.item.crafting.RecipeManager/]: Skipping loading recipe twilightforest:jeed/regeneration as it's serializer returned null
[01Apr2025 17:55:27.005] [main/INFO] [net.minecraft.world.item.crafting.RecipeManager/]: Skipping loading recipe twilightforest:jeed/slowness as it's serializer returned null
[01Apr2025 17:55:27.007] [main/INFO] [net.minecraft.world.item.crafting.RecipeManager/]: Skipping loading recipe twilightforest:jeed/fire_resistance as it's serializer returned null
[01Apr2025 17:55:27.010] [main/INFO] [net.minecraft.world.item.crafting.RecipeManager/]: Loaded 30 recipes
[01Apr2025 17:55:27.011] [main/ERROR] [net.minecraft.server.ServerFunctionLibrary/]: Failed to load function medievalorigins:mdvlorigins/troll_callback
java.util.concurrent.CompletionException: java.lang.IllegalArgumentException: Whilst parsing command on line 1: Unknown or incomplete command, see below for error at position 0: <--[HERE]
	at java.util.concurrent.CompletableFuture.encodeThrowable(CompletableFuture.java:315) ~[?:?]
	at java.util.concurrent.CompletableFuture.completeThrowable(CompletableFuture.java:320) ~[?:?]
	at java.util.concurrent.CompletableFuture$AsyncSupply.run(CompletableFuture.java:1770) ~[?:?]
	at java.util.concurrent.CompletableFuture$AsyncSupply.exec(CompletableFuture.java:1760) ~[?:?]
	at java.util.concurrent.ForkJoinTask.doExec(ForkJoinTask.java:373) ~[?:?]
	at java.util.concurrent.ForkJoinPool$WorkQueue.topLevelExec(ForkJoinPool.java:1182) ~[?:?]
	at java.util.concurrent.ForkJoinPool.scan(ForkJoinPool.java:1655) ~[?:?]
	at java.util.concurrent.ForkJoinPool.runWorker(ForkJoinPool.java:1622) ~[?:?]
	at java.util.concurrent.ForkJoinWorkerThread.run(ForkJoinWorkerThread.java:165) ~[?:?]
Caused by: java.lang.IllegalArgumentException: Whilst parsing command on line 1: Unknown or incomplete command, see below for error at position 0: <--[HERE]
	at net.minecraft.commands.CommandFunction.m_77984_(CommandFunction.java:63) ~[server-1.20.1-20230612.114412-srg.jar%23309!/:?]
	at net.minecraft.server.ServerFunctionLibrary.m_214320_(ServerFunctionLibrary.java:83) ~[server-1.20.1-20230612.114412-srg.jar%23309!/:?]
	at java.util.concurrent.CompletableFuture$AsyncSupply.run(CompletableFuture.java:1768) ~[?:?]
	... 6 more
[01Apr2025 17:55:27.012] [main/ERROR] [net.minecraft.server.ServerFunctionLibrary/]: Failed to load function medievalorigins:mdvlorigins/goblin_callon
java.util.concurrent.CompletionException: java.lang.IllegalArgumentException: Whilst parsing command on line 1: Unknown or incomplete command, see below for error at position 0: <--[HERE]
	at java.util.concurrent.CompletableFuture.encodeThrowable(CompletableFuture.java:315) ~[?:?]
	at java.util.concurrent.CompletableFuture.completeThrowable(CompletableFuture.java:320) ~[?:?]
	at java.util.concurrent.CompletableFuture$AsyncSupply.run(CompletableFuture.java:1770) ~[?:?]
	at java.util.concurrent.CompletableFuture$AsyncSupply.exec(CompletableFuture.java:1760) ~[?:?]
	at java.util.concurrent.ForkJoinTask.doExec(ForkJoinTask.java:373) ~[?:?]
	at java.util.concurrent.ForkJoinPool$WorkQueue.topLevelExec(ForkJoinPool.java:1182) ~[?:?]
	at java.util.concurrent.ForkJoinPool.scan(ForkJoinPool.java:1655) ~[?:?]
	at java.util.concurrent.ForkJoinPool.runWorker(ForkJoinPool.java:1622) ~[?:?]
	at java.util.concurrent.ForkJoinWorkerThread.run(ForkJoinWorkerThread.java:165) ~[?:?]
Caused by: java.lang.IllegalArgumentException: Whilst parsing command on line 1: Unknown or incomplete command, see below for error at position 0: <--[HERE]
	at net.minecraft.commands.CommandFunction.m_77984_(CommandFunction.java:63) ~[server-1.20.1-20230612.114412-srg.jar%23309!/:?]
	at net.minecraft.server.ServerFunctionLibrary.m_214320_(ServerFunctionLibrary.java:83) ~[server-1.20.1-20230612.114412-srg.jar%23309!/:?]
	at java.util.concurrent.CompletableFuture$AsyncSupply.run(CompletableFuture.java:1768) ~[?:?]
	... 6 more
[01Apr2025 17:55:27.012] [main/ERROR] [net.minecraft.server.ServerFunctionLibrary/]: Failed to load function medievalorigins:mdvlorigins/troll_callon
java.util.concurrent.CompletionException: java.lang.IllegalArgumentException: Whilst parsing command on line 1: Unknown or incomplete command, see below for error at position 0: <--[HERE]
	at java.util.concurrent.CompletableFuture.encodeThrowable(CompletableFuture.java:315) ~[?:?]
	at java.util.concurrent.CompletableFuture.completeThrowable(CompletableFuture.java:320) ~[?:?]
	at java.util.concurrent.CompletableFuture$AsyncSupply.run(CompletableFuture.java:1770) ~[?:?]
	at java.util.concurrent.CompletableFuture$AsyncSupply.exec(CompletableFuture.java:1760) ~[?:?]
	at java.util.concurrent.ForkJoinTask.doExec(ForkJoinTask.java:373) ~[?:?]
	at java.util.concurrent.ForkJoinPool$WorkQueue.topLevelExec(ForkJoinPool.java:1182) ~[?:?]
	at java.util.concurrent.ForkJoinPool.scan(ForkJoinPool.java:1655) ~[?:?]
	at java.util.concurrent.ForkJoinPool.runWorker(ForkJoinPool.java:1622) ~[?:?]
	at java.util.concurrent.ForkJoinWorkerThread.run(ForkJoinWorkerThread.java:165) ~[?:?]
Caused by: java.lang.IllegalArgumentException: Whilst parsing command on line 1: Unknown or incomplete command, see below for error at position 0: <--[HERE]
	at net.minecraft.commands.CommandFunction.m_77984_(CommandFunction.java:63) ~[server-1.20.1-20230612.114412-srg.jar%23309!/:?]
	at net.minecraft.server.ServerFunctionLibrary.m_214320_(ServerFunctionLibrary.java:83) ~[server-1.20.1-20230612.114412-srg.jar%23309!/:?]
	at java.util.concurrent.CompletableFuture$AsyncSupply.run(CompletableFuture.java:1768) ~[?:?]
	... 6 more
[01Apr2025 17:55:27.013] [main/ERROR] [net.minecraft.server.ServerFunctionLibrary/]: Failed to load function medievalorigins:mdvlorigins/pixie_callback
java.util.concurrent.CompletionException: java.lang.IllegalArgumentException: Whilst parsing command on line 1: Unknown or incomplete command, see below for error at position 0: <--[HERE]
	at java.util.concurrent.CompletableFuture.encodeThrowable(CompletableFuture.java:315) ~[?:?]
	at java.util.concurrent.CompletableFuture.completeThrowable(CompletableFuture.java:320) ~[?:?]
	at java.util.concurrent.CompletableFuture$AsyncSupply.run(CompletableFuture.java:1770) ~[?:?]
	at java.util.concurrent.CompletableFuture$AsyncSupply.exec(CompletableFuture.java:1760) ~[?:?]
	at java.util.concurrent.ForkJoinTask.doExec(ForkJoinTask.java:373) ~[?:?]
	at java.util.concurrent.ForkJoinPool$WorkQueue.topLevelExec(ForkJoinPool.java:1182) ~[?:?]
	at java.util.concurrent.ForkJoinPool.scan(ForkJoinPool.java:1655) ~[?:?]
	at java.util.concurrent.ForkJoinPool.runWorker(ForkJoinPool.java:1622) ~[?:?]
	at java.util.concurrent.ForkJoinWorkerThread.run(ForkJoinWorkerThread.java:165) ~[?:?]
Caused by: java.lang.IllegalArgumentException: Whilst parsing command on line 1: Unknown or incomplete command, see below for error at position 0: <--[HERE]
	at net.minecraft.commands.CommandFunction.m_77984_(CommandFunction.java:63) ~[server-1.20.1-20230612.114412-srg.jar%23309!/:?]
	at net.minecraft.server.ServerFunctionLibrary.m_214320_(ServerFunctionLibrary.java:83) ~[server-1.20.1-20230612.114412-srg.jar%23309!/:?]
	at java.util.concurrent.CompletableFuture$AsyncSupply.run(CompletableFuture.java:1768) ~[?:?]
	... 6 more
[01Apr2025 17:55:27.013] [main/ERROR] [net.minecraft.server.ServerFunctionLibrary/]: Failed to load function medievalorigins:mdvlorigins/yeti_callback
java.util.concurrent.CompletionException: java.lang.IllegalArgumentException: Whilst parsing command on line 1: Unknown or incomplete command, see below for error at position 0: <--[HERE]
	at java.util.concurrent.CompletableFuture.encodeThrowable(CompletableFuture.java:315) ~[?:?]
	at java.util.concurrent.CompletableFuture.completeThrowable(CompletableFuture.java:320) ~[?:?]
	at java.util.concurrent.CompletableFuture$AsyncSupply.run(CompletableFuture.java:1770) ~[?:?]
	at java.util.concurrent.CompletableFuture$AsyncSupply.exec(CompletableFuture.java:1760) ~[?:?]
	at java.util.concurrent.ForkJoinTask.doExec(ForkJoinTask.java:373) ~[?:?]
	at java.util.concurrent.ForkJoinPool$WorkQueue.topLevelExec(ForkJoinPool.java:1182) ~[?:?]
	at java.util.concurrent.ForkJoinPool.scan(ForkJoinPool.java:1655) ~[?:?]
	at java.util.concurrent.ForkJoinPool.runWorker(ForkJoinPool.java:1622) ~[?:?]
	at java.util.concurrent.ForkJoinWorkerThread.run(ForkJoinWorkerThread.java:165) ~[?:?]
Caused by: java.lang.IllegalArgumentException: Whilst parsing command on line 1: Unknown or incomplete command, see below for error at position 0: <--[HERE]
	at net.minecraft.commands.CommandFunction.m_77984_(CommandFunction.java:63) ~[server-1.20.1-20230612.114412-srg.jar%23309!/:?]
	at net.minecraft.server.ServerFunctionLibrary.m_214320_(ServerFunctionLibrary.java:83) ~[server-1.20.1-20230612.114412-srg.jar%23309!/:?]
	at java.util.concurrent.CompletableFuture$AsyncSupply.run(CompletableFuture.java:1768) ~[?:?]
	... 6 more
[01Apr2025 17:55:27.014] [main/ERROR] [net.minecraft.server.ServerFunctionLibrary/]: Failed to load function medievalorigins:mdvlorigins/dwarf_callback
java.util.concurrent.CompletionException: java.lang.IllegalArgumentException: Whilst parsing command on line 1: Unknown or incomplete command, see below for error at position 0: <--[HERE]
	at java.util.concurrent.CompletableFuture.encodeThrowable(CompletableFuture.java:315) ~[?:?]
	at java.util.concurrent.CompletableFuture.completeThrowable(CompletableFuture.java:320) ~[?:?]
	at java.util.concurrent.CompletableFuture$AsyncSupply.run(CompletableFuture.java:1770) ~[?:?]
	at java.util.concurrent.CompletableFuture$AsyncSupply.exec(CompletableFuture.java:1760) ~[?:?]
	at java.util.concurrent.ForkJoinTask.doExec(ForkJoinTask.java:373) ~[?:?]
	at java.util.concurrent.ForkJoinPool$WorkQueue.topLevelExec(ForkJoinPool.java:1182) ~[?:?]
	at java.util.concurrent.ForkJoinPool.scan(ForkJoinPool.java:1655) ~[?:?]
	at java.util.concurrent.ForkJoinPool.runWorker(ForkJoinPool.java:1622) ~[?:?]
	at java.util.concurrent.ForkJoinWorkerThread.run(ForkJoinWorkerThread.java:165) ~[?:?]
Caused by: java.lang.IllegalArgumentException: Whilst parsing command on line 1: Unknown or incomplete command, see below for error at position 0: <--[HERE]
	at net.minecraft.commands.CommandFunction.m_77984_(CommandFunction.java:63) ~[server-1.20.1-20230612.114412-srg.jar%23309!/:?]
	at net.minecraft.server.ServerFunctionLibrary.m_214320_(ServerFunctionLibrary.java:83) ~[server-1.20.1-20230612.114412-srg.jar%23309!/:?]
	at java.util.concurrent.CompletableFuture$AsyncSupply.run(CompletableFuture.java:1768) ~[?:?]
	... 6 more
[01Apr2025 17:55:27.014] [main/ERROR] [net.minecraft.server.ServerFunctionLibrary/]: Failed to load function medievalorigins:mdvlorigins/empowered_skeleton_horse
java.util.concurrent.CompletionException: java.lang.IllegalArgumentException: Whilst parsing command on line 1: Unknown or incomplete command, see below for error at position 0: <--[HERE]
	at java.util.concurrent.CompletableFuture.encodeThrowable(CompletableFuture.java:315) ~[?:?]
	at java.util.concurrent.CompletableFuture.completeThrowable(CompletableFuture.java:320) ~[?:?]
	at java.util.concurrent.CompletableFuture$AsyncSupply.run(CompletableFuture.java:1770) ~[?:?]
	at java.util.concurrent.CompletableFuture$AsyncSupply.exec(CompletableFuture.java:1760) ~[?:?]
	at java.util.concurrent.ForkJoinTask.doExec(ForkJoinTask.java:373) ~[?:?]
	at java.util.concurrent.ForkJoinPool$WorkQueue.topLevelExec(ForkJoinPool.java:1182) ~[?:?]
	at java.util.concurrent.ForkJoinPool.scan(ForkJoinPool.java:1655) ~[?:?]
	at java.util.concurrent.ForkJoinPool.runWorker(ForkJoinPool.java:1622) ~[?:?]
	at java.util.concurrent.ForkJoinWorkerThread.run(ForkJoinWorkerThread.java:165) ~[?:?]
Caused by: java.lang.IllegalArgumentException: Whilst parsing command on line 1: Unknown or incomplete command, see below for error at position 0: <--[HERE]
	at net.minecraft.commands.CommandFunction.m_77984_(CommandFunction.java:63) ~[server-1.20.1-20230612.114412-srg.jar%23309!/:?]
	at net.minecraft.server.ServerFunctionLibrary.m_214320_(ServerFunctionLibrary.java:83) ~[server-1.20.1-20230612.114412-srg.jar%23309!/:?]
	at java.util.concurrent.CompletableFuture$AsyncSupply.run(CompletableFuture.java:1768) ~[?:?]
	... 6 more
[01Apr2025 17:55:27.015] [main/ERROR] [net.minecraft.server.ServerFunctionLibrary/]: Failed to load function enemyexpansion:silver_exes
java.util.concurrent.CompletionException: java.lang.IllegalArgumentException: Whilst parsing command on line 1: Incorrect argument for command at position 25: ...erfriends <--[HERE]
	at java.util.concurrent.CompletableFuture.encodeThrowable(CompletableFuture.java:315) ~[?:?]
	at java.util.concurrent.CompletableFuture.completeThrowable(CompletableFuture.java:320) ~[?:?]
	at java.util.concurrent.CompletableFuture$AsyncSupply.run(CompletableFuture.java:1770) ~[?:?]
	at java.util.concurrent.CompletableFuture$AsyncSupply.exec(CompletableFuture.java:1760) ~[?:?]
	at java.util.concurrent.ForkJoinTask.doExec(ForkJoinTask.java:373) ~[?:?]
	at java.util.concurrent.ForkJoinPool$WorkQueue.topLevelExec(ForkJoinPool.java:1182) ~[?:?]
	at java.util.concurrent.ForkJoinPool.scan(ForkJoinPool.java:1655) ~[?:?]
	at java.util.concurrent.ForkJoinPool.runWorker(ForkJoinPool.java:1622) ~[?:?]
	at java.util.concurrent.ForkJoinWorkerThread.run(ForkJoinWorkerThread.java:165) ~[?:?]
Caused by: java.lang.IllegalArgumentException: Whilst parsing command on line 1: Incorrect argument for command at position 25: ...erfriends <--[HERE]
	at net.minecraft.commands.CommandFunction.m_77984_(CommandFunction.java:63) ~[server-1.20.1-20230612.114412-srg.jar%23309!/:?]
	at net.minecraft.server.ServerFunctionLibrary.m_214320_(ServerFunctionLibrary.java:83) ~[server-1.20.1-20230612.114412-srg.jar%23309!/:?]
	at java.util.concurrent.CompletableFuture$AsyncSupply.run(CompletableFuture.java:1768) ~[?:?]
	... 6 more
[01Apr2025 17:55:27.016] [main/ERROR] [net.minecraft.server.ServerFunctionLibrary/]: Failed to load function medievalorigins:mdvlorigins/empower_all_wither_summons
java.util.concurrent.CompletionException: java.lang.IllegalArgumentException: Whilst parsing command on line 1: Unknown or incomplete command, see below for error at position 0: <--[HERE]
	at java.util.concurrent.CompletableFuture.encodeThrowable(CompletableFuture.java:315) ~[?:?]
	at java.util.concurrent.CompletableFuture.completeThrowable(CompletableFuture.java:320) ~[?:?]
	at java.util.concurrent.CompletableFuture$AsyncSupply.run(CompletableFuture.java:1770) ~[?:?]
	at java.util.concurrent.CompletableFuture$AsyncSupply.exec(CompletableFuture.java:1760) ~[?:?]
	at java.util.concurrent.ForkJoinTask.doExec(ForkJoinTask.java:373) ~[?:?]
	at java.util.concurrent.ForkJoinPool$WorkQueue.topLevelExec(ForkJoinPool.java:1182) ~[?:?]
	at java.util.concurrent.ForkJoinPool.scan(ForkJoinPool.java:1655) ~[?:?]
	at java.util.concurrent.ForkJoinPool.runWorker(ForkJoinPool.java:1622) ~[?:?]
	at java.util.concurrent.ForkJoinWorkerThread.run(ForkJoinWorkerThread.java:165) ~[?:?]
Caused by: java.lang.IllegalArgumentException: Whilst parsing command on line 1: Unknown or incomplete command, see below for error at position 0: <--[HERE]
	at net.minecraft.commands.CommandFunction.m_77984_(CommandFunction.java:63) ~[server-1.20.1-20230612.114412-srg.jar%23309!/:?]
	at net.minecraft.server.ServerFunctionLibrary.m_214320_(ServerFunctionLibrary.java:83) ~[server-1.20.1-20230612.114412-srg.jar%23309!/:?]
	at java.util.concurrent.CompletableFuture$AsyncSupply.run(CompletableFuture.java:1768) ~[?:?]
	... 6 more
[01Apr2025 17:55:27.016] [main/ERROR] [net.minecraft.server.ServerFunctionLibrary/]: Failed to load function medievalorigins:mdvlorigins/goblin_callback
java.util.concurrent.CompletionException: java.lang.IllegalArgumentException: Whilst parsing command on line 1: Unknown or incomplete command, see below for error at position 0: <--[HERE]
	at java.util.concurrent.CompletableFuture.encodeThrowable(CompletableFuture.java:315) ~[?:?]
	at java.util.concurrent.CompletableFuture.completeThrowable(CompletableFuture.java:320) ~[?:?]
	at java.util.concurrent.CompletableFuture$AsyncSupply.run(CompletableFuture.java:1770) ~[?:?]
	at java.util.concurrent.CompletableFuture$AsyncSupply.exec(CompletableFuture.java:1760) ~[?:?]
	at java.util.concurrent.ForkJoinTask.doExec(ForkJoinTask.java:373) ~[?:?]
	at java.util.concurrent.ForkJoinPool$WorkQueue.topLevelExec(ForkJoinPool.java:1182) ~[?:?]
	at java.util.concurrent.ForkJoinPool.scan(ForkJoinPool.java:1655) ~[?:?]
	at java.util.concurrent.ForkJoinPool.runWorker(ForkJoinPool.java:1622) ~[?:?]
	at java.util.concurrent.ForkJoinWorkerThread.run(ForkJoinWorkerThread.java:165) ~[?:?]
Caused by: java.lang.IllegalArgumentException: Whilst parsing command on line 1: Unknown or incomplete command, see below for error at position 0: <--[HERE]
	at net.minecraft.commands.CommandFunction.m_77984_(CommandFunction.java:63) ~[server-1.20.1-20230612.114412-srg.jar%23309!/:?]
	at net.minecraft.server.ServerFunctionLibrary.m_214320_(ServerFunctionLibrary.java:83) ~[server-1.20.1-20230612.114412-srg.jar%23309!/:?]
	at java.util.concurrent.CompletableFuture$AsyncSupply.run(CompletableFuture.java:1768) ~[?:?]
	... 6 more
[01Apr2025 17:55:27.017] [main/ERROR] [net.minecraft.server.ServerFunctionLibrary/]: Failed to load function medievalorigins:mdvlorigins/fae_callback
java.util.concurrent.CompletionException: java.lang.IllegalArgumentException: Whilst parsing command on line 1: Unknown or incomplete command, see below for error at position 0: <--[HERE]
	at java.util.concurrent.CompletableFuture.encodeThrowable(CompletableFuture.java:315) ~[?:?]
	at java.util.concurrent.CompletableFuture.completeThrowable(CompletableFuture.java:320) ~[?:?]
	at java.util.concurrent.CompletableFuture$AsyncSupply.run(CompletableFuture.java:1770) ~[?:?]
	at java.util.concurrent.CompletableFuture$AsyncSupply.exec(CompletableFuture.java:1760) ~[?:?]
	at java.util.concurrent.ForkJoinTask.doExec(ForkJoinTask.java:373) ~[?:?]
	at java.util.concurrent.ForkJoinPool$WorkQueue.topLevelExec(ForkJoinPool.java:1182) ~[?:?]
	at java.util.concurrent.ForkJoinPool.scan(ForkJoinPool.java:1655) ~[?:?]
	at java.util.concurrent.ForkJoinPool.runWorker(ForkJoinPool.java:1622) ~[?:?]
	at java.util.concurrent.ForkJoinWorkerThread.run(ForkJoinWorkerThread.java:165) ~[?:?]
Caused by: java.lang.IllegalArgumentException: Whilst parsing command on line 1: Unknown or incomplete command, see below for error at position 0: <--[HERE]
	at net.minecraft.commands.CommandFunction.m_77984_(CommandFunction.java:63) ~[server-1.20.1-20230612.114412-srg.jar%23309!/:?]
	at net.minecraft.server.ServerFunctionLibrary.m_214320_(ServerFunctionLibrary.java:83) ~[server-1.20.1-20230612.114412-srg.jar%23309!/:?]
	at java.util.concurrent.CompletableFuture$AsyncSupply.run(CompletableFuture.java:1768) ~[?:?]
	... 6 more
[01Apr2025 17:55:27.017] [main/ERROR] [net.minecraft.server.ServerFunctionLibrary/]: Failed to load function medievalorigins:mdvlorigins/elf_callon
java.util.concurrent.CompletionException: java.lang.IllegalArgumentException: Whilst parsing command on line 1: Unknown or incomplete command, see below for error at position 0: <--[HERE]
	at java.util.concurrent.CompletableFuture.encodeThrowable(CompletableFuture.java:315) ~[?:?]
	at java.util.concurrent.CompletableFuture.completeThrowable(CompletableFuture.java:320) ~[?:?]
	at java.util.concurrent.CompletableFuture$AsyncSupply.run(CompletableFuture.java:1770) ~[?:?]
	at java.util.concurrent.CompletableFuture$AsyncSupply.exec(CompletableFuture.java:1760) ~[?:?]
	at java.util.concurrent.ForkJoinTask.doExec(ForkJoinTask.java:373) ~[?:?]
	at java.util.concurrent.ForkJoinPool$WorkQueue.topLevelExec(ForkJoinPool.java:1182) ~[?:?]
	at java.util.concurrent.ForkJoinPool.scan(ForkJoinPool.java:1655) ~[?:?]
	at java.util.concurrent.ForkJoinPool.runWorker(ForkJoinPool.java:1622) ~[?:?]
	at java.util.concurrent.ForkJoinWorkerThread.run(ForkJoinWorkerThread.java:165) ~[?:?]
Caused by: java.lang.IllegalArgumentException: Whilst parsing command on line 1: Unknown or incomplete command, see below for error at position 0: <--[HERE]
	at net.minecraft.commands.CommandFunction.m_77984_(CommandFunction.java:63) ~[server-1.20.1-20230612.114412-srg.jar%23309!/:?]
	at net.minecraft.server.ServerFunctionLibrary.m_214320_(ServerFunctionLibrary.java:83) ~[server-1.20.1-20230612.114412-srg.jar%23309!/:?]
	at java.util.concurrent.CompletableFuture$AsyncSupply.run(CompletableFuture.java:1768) ~[?:?]
	... 6 more
[01Apr2025 17:55:27.018] [main/ERROR] [net.minecraft.server.ServerFunctionLibrary/]: Failed to load function medievalorigins:mdvlorigins/fae_callon
java.util.concurrent.CompletionException: java.lang.IllegalArgumentException: Whilst parsing command on line 1: Unknown or incomplete command, see below for error at position 0: <--[HERE]
	at java.util.concurrent.CompletableFuture.encodeThrowable(CompletableFuture.java:315) ~[?:?]
	at java.util.concurrent.CompletableFuture.completeThrowable(CompletableFuture.java:320) ~[?:?]
	at java.util.concurrent.CompletableFuture$AsyncSupply.run(CompletableFuture.java:1770) ~[?:?]
	at java.util.concurrent.CompletableFuture$AsyncSupply.exec(CompletableFuture.java:1760) ~[?:?]
	at java.util.concurrent.ForkJoinTask.doExec(ForkJoinTask.java:373) ~[?:?]
	at java.util.concurrent.ForkJoinPool$WorkQueue.topLevelExec(ForkJoinPool.java:1182) ~[?:?]
	at java.util.concurrent.ForkJoinPool.scan(ForkJoinPool.java:1655) ~[?:?]
	at java.util.concurrent.ForkJoinPool.runWorker(ForkJoinPool.java:1622) ~[?:?]
	at java.util.concurrent.ForkJoinWorkerThread.run(ForkJoinWorkerThread.java:165) ~[?:?]
Caused by: java.lang.IllegalArgumentException: Whilst parsing command on line 1: Unknown or incomplete command, see below for error at position 0: <--[HERE]
	at net.minecraft.commands.CommandFunction.m_77984_(CommandFunction.java:63) ~[server-1.20.1-20230612.114412-srg.jar%23309!/:?]
	at net.minecraft.server.ServerFunctionLibrary.m_214320_(ServerFunctionLibrary.java:83) ~[server-1.20.1-20230612.114412-srg.jar%23309!/:?]
	at java.util.concurrent.CompletableFuture$AsyncSupply.run(CompletableFuture.java:1768) ~[?:?]
	... 6 more
[01Apr2025 17:55:27.019] [main/ERROR] [net.minecraft.server.ServerFunctionLibrary/]: Failed to load function medievalorigins:mdvlorigins/empowered_zombie_1
java.util.concurrent.CompletionException: java.lang.IllegalArgumentException: Whilst parsing command on line 1: Unknown or incomplete command, see below for error at position 0: <--[HERE]
	at java.util.concurrent.CompletableFuture.encodeThrowable(CompletableFuture.java:315) ~[?:?]
	at java.util.concurrent.CompletableFuture.completeThrowable(CompletableFuture.java:320) ~[?:?]
	at java.util.concurrent.CompletableFuture$AsyncSupply.run(CompletableFuture.java:1770) ~[?:?]
	at java.util.concurrent.CompletableFuture$AsyncSupply.exec(CompletableFuture.java:1760) ~[?:?]
	at java.util.concurrent.ForkJoinTask.doExec(ForkJoinTask.java:373) ~[?:?]
	at java.util.concurrent.ForkJoinPool$WorkQueue.topLevelExec(ForkJoinPool.java:1182) ~[?:?]
	at java.util.concurrent.ForkJoinPool.scan(ForkJoinPool.java:1655) ~[?:?]
	at java.util.concurrent.ForkJoinPool.runWorker(ForkJoinPool.java:1622) ~[?:?]
	at java.util.concurrent.ForkJoinWorkerThread.run(ForkJoinWorkerThread.java:165) ~[?:?]
Caused by: java.lang.IllegalArgumentException: Whilst parsing command on line 1: Unknown or incomplete command, see below for error at position 0: <--[HERE]
	at net.minecraft.commands.CommandFunction.m_77984_(CommandFunction.java:63) ~[server-1.20.1-20230612.114412-srg.jar%23309!/:?]
	at net.minecraft.server.ServerFunctionLibrary.m_214320_(ServerFunctionLibrary.java:83) ~[server-1.20.1-20230612.114412-srg.jar%23309!/:?]
	at java.util.concurrent.CompletableFuture$AsyncSupply.run(CompletableFuture.java:1768) ~[?:?]
	... 6 more
[01Apr2025 17:55:27.019] [main/ERROR] [net.minecraft.server.ServerFunctionLibrary/]: Failed to load function medievalorigins:mdvlorigins/empowered_zombie_2
java.util.concurrent.CompletionException: java.lang.IllegalArgumentException: Whilst parsing command on line 1: Unknown or incomplete command, see below for error at position 0: <--[HERE]
	at java.util.concurrent.CompletableFuture.encodeThrowable(CompletableFuture.java:315) ~[?:?]
	at java.util.concurrent.CompletableFuture.completeThrowable(CompletableFuture.java:320) ~[?:?]
	at java.util.concurrent.CompletableFuture$AsyncSupply.run(CompletableFuture.java:1770) ~[?:?]
	at java.util.concurrent.CompletableFuture$AsyncSupply.exec(CompletableFuture.java:1760) ~[?:?]
	at java.util.concurrent.ForkJoinTask.doExec(ForkJoinTask.java:373) ~[?:?]
	at java.util.concurrent.ForkJoinPool$WorkQueue.topLevelExec(ForkJoinPool.java:1182) ~[?:?]
	at java.util.concurrent.ForkJoinPool.scan(ForkJoinPool.java:1655) ~[?:?]
	at java.util.concurrent.ForkJoinPool.runWorker(ForkJoinPool.java:1622) ~[?:?]
	at java.util.concurrent.ForkJoinWorkerThread.run(ForkJoinWorkerThread.java:165) ~[?:?]
Caused by: java.lang.IllegalArgumentException: Whilst parsing command on line 1: Unknown or incomplete command, see below for error at position 0: <--[HERE]
	at net.minecraft.commands.CommandFunction.m_77984_(CommandFunction.java:63) ~[server-1.20.1-20230612.114412-srg.jar%23309!/:?]
	at net.minecraft.server.ServerFunctionLibrary.m_214320_(ServerFunctionLibrary.java:83) ~[server-1.20.1-20230612.114412-srg.jar%23309!/:?]
	at java.util.concurrent.CompletableFuture$AsyncSupply.run(CompletableFuture.java:1768) ~[?:?]
	... 6 more
[01Apr2025 17:55:27.020] [main/ERROR] [net.minecraft.server.ServerFunctionLibrary/]: Failed to load function medievalorigins:mdvlorigins/elf_callback
java.util.concurrent.CompletionException: java.lang.IllegalArgumentException: Whilst parsing command on line 1: Unknown or incomplete command, see below for error at position 0: <--[HERE]
	at java.util.concurrent.CompletableFuture.encodeThrowable(CompletableFuture.java:315) ~[?:?]
	at java.util.concurrent.CompletableFuture.completeThrowable(CompletableFuture.java:320) ~[?:?]
	at java.util.concurrent.CompletableFuture$AsyncSupply.run(CompletableFuture.java:1770) ~[?:?]
	at java.util.concurrent.CompletableFuture$AsyncSupply.exec(CompletableFuture.java:1760) ~[?:?]
	at java.util.concurrent.ForkJoinTask.doExec(ForkJoinTask.java:373) ~[?:?]
	at java.util.concurrent.ForkJoinPool$WorkQueue.topLevelExec(ForkJoinPool.java:1182) ~[?:?]
	at java.util.concurrent.ForkJoinPool.scan(ForkJoinPool.java:1655) ~[?:?]
	at java.util.concurrent.ForkJoinPool.runWorker(ForkJoinPool.java:1622) ~[?:?]
	at java.util.concurrent.ForkJoinWorkerThread.run(ForkJoinWorkerThread.java:165) ~[?:?]
Caused by: java.lang.IllegalArgumentException: Whilst parsing command on line 1: Unknown or incomplete command, see below for error at position 0: <--[HERE]
	at net.minecraft.commands.CommandFunction.m_77984_(CommandFunction.java:63) ~[server-1.20.1-20230612.114412-srg.jar%23309!/:?]
	at net.minecraft.server.ServerFunctionLibrary.m_214320_(ServerFunctionLibrary.java:83) ~[server-1.20.1-20230612.114412-srg.jar%23309!/:?]
	at java.util.concurrent.CompletableFuture$AsyncSupply.run(CompletableFuture.java:1768) ~[?:?]
	... 6 more
[01Apr2025 17:55:27.020] [main/ERROR] [net.minecraft.server.ServerFunctionLibrary/]: Failed to load function watching:check
java.util.concurrent.CompletionException: java.lang.IllegalArgumentException: Whilst parsing command on line 1: Unknown or incomplete command, see below for error at position 0: <--[HERE]
	at java.util.concurrent.CompletableFuture.encodeThrowable(CompletableFuture.java:315) ~[?:?]
	at java.util.concurrent.CompletableFuture.completeThrowable(CompletableFuture.java:320) ~[?:?]
	at java.util.concurrent.CompletableFuture$AsyncSupply.run(CompletableFuture.java:1770) ~[?:?]
	at java.util.concurrent.CompletableFuture$AsyncSupply.exec(CompletableFuture.java:1760) ~[?:?]
	at java.util.concurrent.ForkJoinTask.doExec(ForkJoinTask.java:373) ~[?:?]
	at java.util.concurrent.ForkJoinPool$WorkQueue.topLevelExec(ForkJoinPool.java:1182) ~[?:?]
	at java.util.concurrent.ForkJoinPool.scan(ForkJoinPool.java:1655) ~[?:?]
	at java.util.concurrent.ForkJoinPool.runWorker(ForkJoinPool.java:1622) ~[?:?]
	at java.util.concurrent.ForkJoinWorkerThread.run(ForkJoinWorkerThread.java:165) ~[?:?]
Caused by: java.lang.IllegalArgumentException: Whilst parsing command on line 1: Unknown or incomplete command, see below for error at position 0: <--[HERE]
	at net.minecraft.commands.CommandFunction.m_77984_(CommandFunction.java:63) ~[server-1.20.1-20230612.114412-srg.jar%23309!/:?]
	at net.minecraft.server.ServerFunctionLibrary.m_214320_(ServerFunctionLibrary.java:83) ~[server-1.20.1-20230612.114412-srg.jar%23309!/:?]
	at java.util.concurrent.CompletableFuture$AsyncSupply.run(CompletableFuture.java:1768) ~[?:?]
	... 6 more
[01Apr2025 17:55:27.021] [main/ERROR] [net.minecraft.server.ServerFunctionLibrary/]: Failed to load function medievalorigins:mdvlorigins/ogre_callback
java.util.concurrent.CompletionException: java.lang.IllegalArgumentException: Whilst parsing command on line 1: Unknown or incomplete command, see below for error at position 0: <--[HERE]
	at java.util.concurrent.CompletableFuture.encodeThrowable(CompletableFuture.java:315) ~[?:?]
	at java.util.concurrent.CompletableFuture.completeThrowable(CompletableFuture.java:320) ~[?:?]
	at java.util.concurrent.CompletableFuture$AsyncSupply.run(CompletableFuture.java:1770) ~[?:?]
	at java.util.concurrent.CompletableFuture$AsyncSupply.exec(CompletableFuture.java:1760) ~[?:?]
	at java.util.concurrent.ForkJoinTask.doExec(ForkJoinTask.java:373) ~[?:?]
	at java.util.concurrent.ForkJoinPool$WorkQueue.topLevelExec(ForkJoinPool.java:1182) ~[?:?]
	at java.util.concurrent.ForkJoinPool.scan(ForkJoinPool.java:1655) ~[?:?]
	at java.util.concurrent.ForkJoinPool.runWorker(ForkJoinPool.java:1622) ~[?:?]
	at java.util.concurrent.ForkJoinWorkerThread.run(ForkJoinWorkerThread.java:165) ~[?:?]
Caused by: java.lang.IllegalArgumentException: Whilst parsing command on line 1: Unknown or incomplete command, see below for error at position 0: <--[HERE]
	at net.minecraft.commands.CommandFunction.m_77984_(CommandFunction.java:63) ~[server-1.20.1-20230612.114412-srg.jar%23309!/:?]
	at net.minecraft.server.ServerFunctionLibrary.m_214320_(ServerFunctionLibrary.java:83) ~[server-1.20.1-20230612.114412-srg.jar%23309!/:?]
	at java.util.concurrent.CompletableFuture$AsyncSupply.run(CompletableFuture.java:1768) ~[?:?]
	... 6 more
[01Apr2025 17:55:27.023] [main/ERROR] [net.minecraft.server.ServerFunctionLibrary/]: Failed to load function medievalorigins:mdvlorigins/ogre_callon
java.util.concurrent.CompletionException: java.lang.IllegalArgumentException: Whilst parsing command on line 1: Unknown or incomplete command, see below for error at position 0: <--[HERE]
	at java.util.concurrent.CompletableFuture.encodeThrowable(CompletableFuture.java:315) ~[?:?]
	at java.util.concurrent.CompletableFuture.completeThrowable(CompletableFuture.java:320) ~[?:?]
	at java.util.concurrent.CompletableFuture$AsyncSupply.run(CompletableFuture.java:1770) ~[?:?]
	at java.util.concurrent.CompletableFuture$AsyncSupply.exec(CompletableFuture.java:1760) ~[?:?]
	at java.util.concurrent.ForkJoinTask.doExec(ForkJoinTask.java:373) ~[?:?]
	at java.util.concurrent.ForkJoinPool$WorkQueue.topLevelExec(ForkJoinPool.java:1182) ~[?:?]
	at java.util.concurrent.ForkJoinPool.scan(ForkJoinPool.java:1655) ~[?:?]
	at java.util.concurrent.ForkJoinPool.runWorker(ForkJoinPool.java:1622) ~[?:?]
	at java.util.concurrent.ForkJoinWorkerThread.run(ForkJoinWorkerThread.java:165) ~[?:?]
Caused by: java.lang.IllegalArgumentException: Whilst parsing command on line 1: Unknown or incomplete command, see below for error at position 0: <--[HERE]
	at net.minecraft.commands.CommandFunction.m_77984_(CommandFunction.java:63) ~[server-1.20.1-20230612.114412-srg.jar%23309!/:?]
	at net.minecraft.server.ServerFunctionLibrary.m_214320_(ServerFunctionLibrary.java:83) ~[server-1.20.1-20230612.114412-srg.jar%23309!/:?]
	at java.util.concurrent.CompletableFuture$AsyncSupply.run(CompletableFuture.java:1768) ~[?:?]
	... 6 more
[01Apr2025 17:55:27.024] [main/ERROR] [net.minecraft.server.ServerFunctionLibrary/]: Failed to load function medievalorigins:mdvlorigins/dwarf_callon
java.util.concurrent.CompletionException: java.lang.IllegalArgumentException: Whilst parsing command on line 1: Unknown or incomplete command, see below for error at position 0: <--[HERE]
	at java.util.concurrent.CompletableFuture.encodeThrowable(CompletableFuture.java:315) ~[?:?]
	at java.util.concurrent.CompletableFuture.completeThrowable(CompletableFuture.java:320) ~[?:?]
	at java.util.concurrent.CompletableFuture$AsyncSupply.run(CompletableFuture.java:1770) ~[?:?]
	at java.util.concurrent.CompletableFuture$AsyncSupply.exec(CompletableFuture.java:1760) ~[?:?]
	at java.util.concurrent.ForkJoinTask.doExec(ForkJoinTask.java:373) ~[?:?]
	at java.util.concurrent.ForkJoinPool$WorkQueue.topLevelExec(ForkJoinPool.java:1182) ~[?:?]
	at java.util.concurrent.ForkJoinPool.scan(ForkJoinPool.java:1655) ~[?:?]
	at java.util.concurrent.ForkJoinPool.runWorker(ForkJoinPool.java:1622) ~[?:?]
	at java.util.concurrent.ForkJoinWorkerThread.run(ForkJoinWorkerThread.java:165) ~[?:?]
Caused by: java.lang.IllegalArgumentException: Whilst parsing command on line 1: Unknown or incomplete command, see below for error at position 0: <--[HERE]
	at net.minecraft.commands.CommandFunction.m_77984_(CommandFunction.java:63) ~[server-1.20.1-20230612.114412-srg.jar%23309!/:?]
	at net.minecraft.server.ServerFunctionLibrary.m_214320_(ServerFunctionLibrary.java:83) ~[server-1.20.1-20230612.114412-srg.jar%23309!/:?]
	at java.util.concurrent.CompletableFuture$AsyncSupply.run(CompletableFuture.java:1768) ~[?:?]
	... 6 more
[01Apr2025 17:55:27.025] [main/ERROR] [net.minecraft.server.ServerFunctionLibrary/]: Failed to load function medievalorigins:mdvlorigins/empowered_skeleton_3
java.util.concurrent.CompletionException: java.lang.IllegalArgumentException: Whilst parsing command on line 1: Unknown or incomplete command, see below for error at position 0: <--[HERE]
	at java.util.concurrent.CompletableFuture.encodeThrowable(CompletableFuture.java:315) ~[?:?]
	at java.util.concurrent.CompletableFuture.completeThrowable(CompletableFuture.java:320) ~[?:?]
	at java.util.concurrent.CompletableFuture$AsyncSupply.run(CompletableFuture.java:1770) ~[?:?]
	at java.util.concurrent.CompletableFuture$AsyncSupply.exec(CompletableFuture.java:1760) ~[?:?]
	at java.util.concurrent.ForkJoinTask.doExec(ForkJoinTask.java:373) ~[?:?]
	at java.util.concurrent.ForkJoinPool$WorkQueue.topLevelExec(ForkJoinPool.java:1182) ~[?:?]
	at java.util.concurrent.ForkJoinPool.scan(ForkJoinPool.java:1655) ~[?:?]
	at java.util.concurrent.ForkJoinPool.runWorker(ForkJoinPool.java:1622) ~[?:?]
	at java.util.concurrent.ForkJoinWorkerThread.run(ForkJoinWorkerThread.java:165) ~[?:?]
Caused by: java.lang.IllegalArgumentException: Whilst parsing command on line 1: Unknown or incomplete command, see below for error at position 0: <--[HERE]
	at net.minecraft.commands.CommandFunction.m_77984_(CommandFunction.java:63) ~[server-1.20.1-20230612.114412-srg.jar%23309!/:?]
	at net.minecraft.server.ServerFunctionLibrary.m_214320_(ServerFunctionLibrary.java:83) ~[server-1.20.1-20230612.114412-srg.jar%23309!/:?]
	at java.util.concurrent.CompletableFuture$AsyncSupply.run(CompletableFuture.java:1768) ~[?:?]
	... 6 more
[01Apr2025 17:55:27.025] [main/ERROR] [net.minecraft.server.ServerFunctionLibrary/]: Failed to load function medievalorigins:mdvlorigins/empowered_skeleton_2
java.util.concurrent.CompletionException: java.lang.IllegalArgumentException: Whilst parsing command on line 1: Unknown or incomplete command, see below for error at position 0: <--[HERE]
	at java.util.concurrent.CompletableFuture.encodeThrowable(CompletableFuture.java:315) ~[?:?]
	at java.util.concurrent.CompletableFuture.completeThrowable(CompletableFuture.java:320) ~[?:?]
	at java.util.concurrent.CompletableFuture$AsyncSupply.run(CompletableFuture.java:1770) ~[?:?]
	at java.util.concurrent.CompletableFuture$AsyncSupply.exec(CompletableFuture.java:1760) ~[?:?]
	at java.util.concurrent.ForkJoinTask.doExec(ForkJoinTask.java:373) ~[?:?]
	at java.util.concurrent.ForkJoinPool$WorkQueue.topLevelExec(ForkJoinPool.java:1182) ~[?:?]
	at java.util.concurrent.ForkJoinPool.scan(ForkJoinPool.java:1655) ~[?:?]
	at java.util.concurrent.ForkJoinPool.runWorker(ForkJoinPool.java:1622) ~[?:?]
	at java.util.concurrent.ForkJoinWorkerThread.run(ForkJoinWorkerThread.java:165) ~[?:?]
Caused by: java.lang.IllegalArgumentException: Whilst parsing command on line 1: Unknown or incomplete command, see below for error at position 0: <--[HERE]
	at net.minecraft.commands.CommandFunction.m_77984_(CommandFunction.java:63) ~[server-1.20.1-20230612.114412-srg.jar%23309!/:?]
	at net.minecraft.server.ServerFunctionLibrary.m_214320_(ServerFunctionLibrary.java:83) ~[server-1.20.1-20230612.114412-srg.jar%23309!/:?]
	at java.util.concurrent.CompletableFuture$AsyncSupply.run(CompletableFuture.java:1768) ~[?:?]
	... 6 more
[01Apr2025 17:55:27.026] [main/ERROR] [net.minecraft.server.ServerFunctionLibrary/]: Failed to load function medievalorigins:mdvlorigins/empowered_skeleton_1
java.util.concurrent.CompletionException: java.lang.IllegalArgumentException: Whilst parsing command on line 1: Unknown or incomplete command, see below for error at position 0: <--[HERE]
	at java.util.concurrent.CompletableFuture.encodeThrowable(CompletableFuture.java:315) ~[?:?]
	at java.util.concurrent.CompletableFuture.completeThrowable(CompletableFuture.java:320) ~[?:?]
	at java.util.concurrent.CompletableFuture$AsyncSupply.run(CompletableFuture.java:1770) ~[?:?]
	at java.util.concurrent.CompletableFuture$AsyncSupply.exec(CompletableFuture.java:1760) ~[?:?]
	at java.util.concurrent.ForkJoinTask.doExec(ForkJoinTask.java:373) ~[?:?]
	at java.util.concurrent.ForkJoinPool$WorkQueue.topLevelExec(ForkJoinPool.java:1182) ~[?:?]
	at java.util.concurrent.ForkJoinPool.scan(ForkJoinPool.java:1655) ~[?:?]
	at java.util.concurrent.ForkJoinPool.runWorker(ForkJoinPool.java:1622) ~[?:?]
	at java.util.concurrent.ForkJoinWorkerThread.run(ForkJoinWorkerThread.java:165) ~[?:?]
Caused by: java.lang.IllegalArgumentException: Whilst parsing command on line 1: Unknown or incomplete command, see below for error at position 0: <--[HERE]
	at net.minecraft.commands.CommandFunction.m_77984_(CommandFunction.java:63) ~[server-1.20.1-20230612.114412-srg.jar%23309!/:?]
	at net.minecraft.server.ServerFunctionLibrary.m_214320_(ServerFunctionLibrary.java:83) ~[server-1.20.1-20230612.114412-srg.jar%23309!/:?]
	at java.util.concurrent.CompletableFuture$AsyncSupply.run(CompletableFuture.java:1768) ~[?:?]
	... 6 more
[01Apr2025 17:55:27.026] [main/ERROR] [net.minecraft.server.ServerFunctionLibrary/]: Failed to load function medievalorigins:mdvlorigins/empowered_skeleton_5
java.util.concurrent.CompletionException: java.lang.IllegalArgumentException: Whilst parsing command on line 1: Unknown or incomplete command, see below for error at position 0: <--[HERE]
	at java.util.concurrent.CompletableFuture.encodeThrowable(CompletableFuture.java:315) ~[?:?]
	at java.util.concurrent.CompletableFuture.completeThrowable(CompletableFuture.java:320) ~[?:?]
	at java.util.concurrent.CompletableFuture$AsyncSupply.run(CompletableFuture.java:1770) ~[?:?]
	at java.util.concurrent.CompletableFuture$AsyncSupply.exec(CompletableFuture.java:1760) ~[?:?]
	at java.util.concurrent.ForkJoinTask.doExec(ForkJoinTask.java:373) ~[?:?]
	at java.util.concurrent.ForkJoinPool$WorkQueue.topLevelExec(ForkJoinPool.java:1182) ~[?:?]
	at java.util.concurrent.ForkJoinPool.scan(ForkJoinPool.java:1655) ~[?:?]
	at java.util.concurrent.ForkJoinPool.runWorker(ForkJoinPool.java:1622) ~[?:?]
	at java.util.concurrent.ForkJoinWorkerThread.run(ForkJoinWorkerThread.java:165) ~[?:?]
Caused by: java.lang.IllegalArgumentException: Whilst parsing command on line 1: Unknown or incomplete command, see below for error at position 0: <--[HERE]
	at net.minecraft.commands.CommandFunction.m_77984_(CommandFunction.java:63) ~[server-1.20.1-20230612.114412-srg.jar%23309!/:?]
	at net.minecraft.server.ServerFunctionLibrary.m_214320_(ServerFunctionLibrary.java:83) ~[server-1.20.1-20230612.114412-srg.jar%23309!/:?]
	at java.util.concurrent.CompletableFuture$AsyncSupply.run(CompletableFuture.java:1768) ~[?:?]
	... 6 more
[01Apr2025 17:55:27.027] [main/ERROR] [net.minecraft.server.ServerFunctionLibrary/]: Failed to load function medievalorigins:mdvlorigins/empowered_skeleton_4
java.util.concurrent.CompletionException: java.lang.IllegalArgumentException: Whilst parsing command on line 1: Unknown or incomplete command, see below for error at position 0: <--[HERE]
	at java.util.concurrent.CompletableFuture.encodeThrowable(CompletableFuture.java:315) ~[?:?]
	at java.util.concurrent.CompletableFuture.completeThrowable(CompletableFuture.java:320) ~[?:?]
	at java.util.concurrent.CompletableFuture$AsyncSupply.run(CompletableFuture.java:1770) ~[?:?]
	at java.util.concurrent.CompletableFuture$AsyncSupply.exec(CompletableFuture.java:1760) ~[?:?]
	at java.util.concurrent.ForkJoinTask.doExec(ForkJoinTask.java:373) ~[?:?]
	at java.util.concurrent.ForkJoinPool$WorkQueue.topLevelExec(ForkJoinPool.java:1182) ~[?:?]
	at java.util.concurrent.ForkJoinPool.scan(ForkJoinPool.java:1655) ~[?:?]
	at java.util.concurrent.ForkJoinPool.runWorker(ForkJoinPool.java:1622) ~[?:?]
	at java.util.concurrent.ForkJoinWorkerThread.run(ForkJoinWorkerThread.java:165) ~[?:?]
Caused by: java.lang.IllegalArgumentException: Whilst parsing command on line 1: Unknown or incomplete command, see below for error at position 0: <--[HERE]
	at net.minecraft.commands.CommandFunction.m_77984_(CommandFunction.java:63) ~[server-1.20.1-20230612.114412-srg.jar%23309!/:?]
	at net.minecraft.server.ServerFunctionLibrary.m_214320_(ServerFunctionLibrary.java:83) ~[server-1.20.1-20230612.114412-srg.jar%23309!/:?]
	at java.util.concurrent.CompletableFuture$AsyncSupply.run(CompletableFuture.java:1768) ~[?:?]
	... 6 more
[01Apr2025 17:55:27.027] [main/ERROR] [net.minecraft.server.ServerFunctionLibrary/]: Failed to load function medievalorigins:mdvlorigins/pixie_callon
java.util.concurrent.CompletionException: java.lang.IllegalArgumentException: Whilst parsing command on line 1: Unknown or incomplete command, see below for error at position 0: <--[HERE]
	at java.util.concurrent.CompletableFuture.encodeThrowable(CompletableFuture.java:315) ~[?:?]
	at java.util.concurrent.CompletableFuture.completeThrowable(CompletableFuture.java:320) ~[?:?]
	at java.util.concurrent.CompletableFuture$AsyncSupply.run(CompletableFuture.java:1770) ~[?:?]
	at java.util.concurrent.CompletableFuture$AsyncSupply.exec(CompletableFuture.java:1760) ~[?:?]
	at java.util.concurrent.ForkJoinTask.doExec(ForkJoinTask.java:373) ~[?:?]
	at java.util.concurrent.ForkJoinPool$WorkQueue.topLevelExec(ForkJoinPool.java:1182) ~[?:?]
	at java.util.concurrent.ForkJoinPool.scan(ForkJoinPool.java:1655) ~[?:?]
	at java.util.concurrent.ForkJoinPool.runWorker(ForkJoinPool.java:1622) ~[?:?]
	at java.util.concurrent.ForkJoinWorkerThread.run(ForkJoinWorkerThread.java:165) ~[?:?]
Caused by: java.lang.IllegalArgumentException: Whilst parsing command on line 1: Unknown or incomplete command, see below for error at position 0: <--[HERE]
	at net.minecraft.commands.CommandFunction.m_77984_(CommandFunction.java:63) ~[server-1.20.1-20230612.114412-srg.jar%23309!/:?]
	at net.minecraft.server.ServerFunctionLibrary.m_214320_(ServerFunctionLibrary.java:83) ~[server-1.20.1-20230612.114412-srg.jar%23309!/:?]
	at java.util.concurrent.CompletableFuture$AsyncSupply.run(CompletableFuture.java:1768) ~[?:?]
	... 6 more
[01Apr2025 17:55:27.027] [main/ERROR] [net.minecraft.server.ServerFunctionLibrary/]: Failed to load function medievalorigins:mdvlorigins/yeti_callon
java.util.concurrent.CompletionException: java.lang.IllegalArgumentException: Whilst parsing command on line 1: Unknown or incomplete command, see below for error at position 0: <--[HERE]
	at java.util.concurrent.CompletableFuture.encodeThrowable(CompletableFuture.java:315) ~[?:?]
	at java.util.concurrent.CompletableFuture.completeThrowable(CompletableFuture.java:320) ~[?:?]
	at java.util.concurrent.CompletableFuture$AsyncSupply.run(CompletableFuture.java:1770) ~[?:?]
	at java.util.concurrent.CompletableFuture$AsyncSupply.exec(CompletableFuture.java:1760) ~[?:?]
	at java.util.concurrent.ForkJoinTask.doExec(ForkJoinTask.java:373) ~[?:?]
	at java.util.concurrent.ForkJoinPool$WorkQueue.topLevelExec(ForkJoinPool.java:1182) ~[?:?]
	at java.util.concurrent.ForkJoinPool.scan(ForkJoinPool.java:1655) ~[?:?]
	at java.util.concurrent.ForkJoinPool.runWorker(ForkJoinPool.java:1622) ~[?:?]
	at java.util.concurrent.ForkJoinWorkerThread.run(ForkJoinWorkerThread.java:165) ~[?:?]
Caused by: java.lang.IllegalArgumentException: Whilst parsing command on line 1: Unknown or incomplete command, see below for error at position 0: <--[HERE]
	at net.minecraft.commands.CommandFunction.m_77984_(CommandFunction.java:63) ~[server-1.20.1-20230612.114412-srg.jar%23309!/:?]
	at net.minecraft.server.ServerFunctionLibrary.m_214320_(ServerFunctionLibrary.java:83) ~[server-1.20.1-20230612.114412-srg.jar%23309!/:?]
	at java.util.concurrent.CompletableFuture$AsyncSupply.run(CompletableFuture.java:1768) ~[?:?]
	... 6 more
[01Apr2025 17:55:27.147] [main/ERROR] [net.minecraft.server.ServerAdvancementManager/]: Parsing error loading custom advancement supplementaries:recipes/planter_rich: Unknown item id 'farmersdelight:rich_soil'
[01Apr2025 17:55:27.280] [main/INFO] [quark/]: [Automatic Recipe Unlock] Removed 4251 recipe advancements
[01Apr2025 17:55:27.297] [main/INFO] [net.minecraft.advancements.AdvancementList/]: Loaded 1046 advancements
[01Apr2025 17:55:27.309] [main/INFO] [placebo/]: Registered 0 additional recipes.
[01Apr2025 17:55:27.329] [main/INFO] [twilightforest/]: Loaded 9 Stalactite configs!
[01Apr2025 17:55:27.346] [main/INFO] [top.theillusivec4.curios.Curios/]: Loaded 20 curio slots
[01Apr2025 17:55:27.357] [main/INFO] [top.theillusivec4.curios.Curios/]: Loaded 12 curio entities
[01Apr2025 17:55:27.360] [main/ERROR] [bettervillage/]: Ice And Fire compatibility is not enabled for Better Village and Ice And Fire is present in your mod list.
     - Please install the datapack for better compatibility between Better Villages and Ice And Fire.
     - You can find the datapack URL in the `compatibility` section of the Better Villages description.
     - URL=https://www.curseforge.com/minecraft/mc-mods/better-village-forge
[01Apr2025 17:55:27.430] [main/ERROR] [io.github.apace100.apoli.Apoli/]: Error loading power "medievalorigins:revenant/summon_scaling": At Attribute: Identifier "spell_power:soul" was not registered in registry "minecraft:attribute".; No key update_health in MapLike[{"type":"medievalorigins:owner_attribute_transfer","owner_attribute":"spell_power:soul","modifiers":[{"attribute":"minecraft:generic.max_health","operation":"addition","value":5.0},{"attribute":"minecraft:generic.attack_damage","operation":"addition","value":0.5},{"attribute":"minecraft:generic.armor","operation":"addition","value":1},{"attribute":"generic.movement_speed","operation":"addition","value":0.001}]}]; No key tick_rate in MapLike[{"type":"medievalorigins:owner_attribute_transfer","owner_attribute":"spell_power:soul","modifiers":[{"attribute":"minecraft:generic.max_health","operation":"addition","value":5.0},{"attribute":"minecraft:generic.attack_damage","operation":"addition","value":0.5},{"attribute":"minecraft:generic.armor","operation":"addition","value":1},{"attribute":"generic.movement_speed","operation":"addition","value":0.001}]}]
[01Apr2025 17:55:27.431] [main/ERROR] [io.github.apace100.apoli.Apoli/]: Loading for all instances of power medievalorigins:revenant/summon_scaling failed.
[01Apr2025 17:55:27.538] [main/WARN] [io.github.apace100.apoli.Apoli/]: Power "medievalorigins:dwarf/mythril_resonance" will only be partially loaded: Failed to read fields: At Attribute: Identifier "reach-entity-attributes:reach" was not registered in registry "minecraft:attribute".
[01Apr2025 17:55:27.605] [main/WARN] [io.github.apace100.apoli.Apoli/]: Power "medievalorigins:high_elf/mana_ars" will only be partially loaded: Failed to read fields: At Attribute: Identifier "ars_nouveau:ars_nouveau.perk.max_mana" was not registered in registry "minecraft:attribute"., At Attribute: Identifier "ars_nouveau:ars_nouveau.perk.mana_regen" was not registered in registry "minecraft:attribute".
[01Apr2025 17:55:27.645] [main/WARN] [io.github.apace100.apoli.Apoli/]: Power "medievalorigins:high_elf/gear_spawn" will only be partially loaded: At Item: Identifier "runes:frost_stone" was not registered in registry "minecraft:item"., At ResourceLocation: JsonObject; At Item: Identifier "wizards:wand_frost" was not registered in registry "minecraft:item"., At ResourceLocation: JsonObject, At ResourceLocation: JsonObject
[01Apr2025 17:55:27.665] [main/WARN] [io.github.apace100.apoli.Apoli/]: Power "medievalorigins:high_elf/mana_irons_ars" will only be partially loaded: Failed to read fields: At Attribute: Identifier "ars_nouveau:ars_nouveau.perk.max_mana" was not registered in registry "minecraft:attribute"., At Attribute: Identifier "ars_nouveau:ars_nouveau.perk.mana_regen" was not registered in registry "minecraft:attribute".
[01Apr2025 17:55:27.686] [main/WARN] [io.github.apace100.apoli.Apoli/]: Power "medievalorigins:goblin/greedy" will only be partially loaded: Failed to read fields: At Attribute: Identifier "additionalentityattributes:generic.dig_speed" was not registered in registry "minecraft:attribute".; At Attribute: Identifier "reach-entity-attributes:reach" was not registered in registry "minecraft:attribute".
[01Apr2025 17:55:27.692] [main/ERROR] [io.github.apace100.apoli.Apoli/]: Error loading power "medievalorigins:valkyrie/wings": Unknown registry key: medievalorigins:icarus_wings
[01Apr2025 17:55:27.692] [main/ERROR] [io.github.apace100.apoli.Apoli/]: Loading for all instances of power medievalorigins:valkyrie/wings failed.
[01Apr2025 17:55:27.706] [main/WARN] [io.github.apace100.apoli.Apoli/]: Power "medievalorigins:moon_elf/nimble" will only be partially loaded: Failed to read fields: At Attribute: Identifier "combatroll:count" was not registered in registry "minecraft:attribute".
[01Apr2025 17:55:27.711] [main/WARN] [io.github.apace100.apoli.Apoli/]: Power "medievalorigins:alfiq/pickpocket" will only be partially loaded: Failed to read fields: Unknown registry key: origins:modify_resource, At ResourceLocation: JsonObject, At ResourceLocation: JsonObject
[01Apr2025 17:55:27.712] [main/WARN] [io.github.apace100.apoli.Apoli/]: Power "medievalorigins:valkyrie/vanquisher" will only be partially loaded: Failed to read fields: At Attribute: Identifier "spell_power:healing" was not registered in registry "minecraft:attribute".
[01Apr2025 17:55:27.745] [main/ERROR] [io.github.apace100.origins.Origins/]: Removed 4 missing powers from medievalorigins:high_elf
[01Apr2025 17:55:27.746] [main/ERROR] [io.github.apace100.origins.Origins/]: Removed 1 missing powers from medievalorigins:plague_victim
[01Apr2025 17:55:27.746] [main/ERROR] [io.github.apace100.origins.Origins/]: Removed 1 missing powers from medievalorigins:valkyrie
[01Apr2025 17:55:27.746] [main/ERROR] [io.github.apace100.origins.Origins/]: Removed 1 missing powers from medievalorigins:revenant
[01Apr2025 17:55:27.746] [main/ERROR] [io.github.apace100.origins.Origins/]: Removed 1 missing powers from medievalorigins:banshee
[01Apr2025 17:55:27.747] [main/ERROR] [io.github.apace100.origins.Origins/]: Removed 1 missing powers from medievalorigins:gorgon
[01Apr2025 17:55:27.747] [main/ERROR] [io.github.apace100.origins.Origins/]: Removed 2 missing powers from medievalorigins:wood_elf
[01Apr2025 17:55:27.748] [main/ERROR] [io.github.apace100.origins.Origins/]: Removed 1 missing powers from medievalorigins:moon_elf
[01Apr2025 17:55:27.748] [main/ERROR] [io.github.apace100.origins.Origins/]: Removed 4 missing powers from medievalorigins:yeti
[01Apr2025 17:55:27.748] [main/ERROR] [io.github.apace100.origins.Origins/]: Removed 5 missing powers from medievalorigins:siren
[01Apr2025 17:55:27.749] [main/ERROR] [io.github.apace100.origins.Origins/]: Removed 7 missing powers from medievalorigins:incubus
[01Apr2025 17:55:27.749] [main/ERROR] [io.github.apace100.origins.Origins/]: Removed 1 missing powers from medievalorigins:ogre
[01Apr2025 17:55:27.749] [main/ERROR] [io.github.apace100.origins.Origins/]: Removed 4 missing powers from medievalorigins:troll
[01Apr2025 17:55:27.822] [main/INFO] [com.brutalbosses.BrutalBosses/]: Loaded boss variant for: minecraft:drowned
[01Apr2025 17:55:27.822] [main/INFO] [com.brutalbosses.BrutalBosses/]: Loaded boss variant for: minecraft:iron_golem
[01Apr2025 17:55:27.822] [main/INFO] [com.brutalbosses.BrutalBosses/]: Loaded boss variant for: minecraft:snow_golem
[01Apr2025 17:55:27.823] [main/INFO] [com.brutalbosses.BrutalBosses/]: Loaded boss variant for: minecraft:zombie
[01Apr2025 17:55:27.823] [main/INFO] [com.brutalbosses.BrutalBosses/]: Loaded boss variant for: minecraft:skeleton
[01Apr2025 17:55:27.823] [main/INFO] [com.brutalbosses.BrutalBosses/]: Loaded boss variant for: minecraft:pillager
[01Apr2025 17:55:27.823] [main/INFO] [com.brutalbosses.BrutalBosses/]: Loaded boss variant for: minecraft:vex
[01Apr2025 17:55:27.823] [main/INFO] [com.brutalbosses.BrutalBosses/]: Loaded boss variant for: minecraft:evoker
[01Apr2025 17:55:27.823] [main/INFO] [com.brutalbosses.BrutalBosses/]: Loaded boss variant for: minecraft:zombie
[01Apr2025 17:55:27.824] [main/INFO] [com.brutalbosses.BrutalBosses/]: Loaded boss variant for: minecraft:vindicator
[01Apr2025 17:55:27.824] [main/INFO] [com.brutalbosses.BrutalBosses/]: Loaded boss variant for: minecraft:wither_skeleton
[01Apr2025 17:55:27.824] [main/INFO] [com.brutalbosses.BrutalBosses/]: Loaded boss variant for: minecraft:wither_skeleton
[01Apr2025 17:55:27.824] [main/INFO] [com.brutalbosses.BrutalBosses/]: Loaded boss variant for: minecraft:cave_spider
[01Apr2025 17:55:27.824] [main/INFO] [com.brutalbosses.BrutalBosses/]: Loaded boss variant for: minecraft:zombie
[01Apr2025 17:55:27.824] [main/INFO] [com.brutalbosses.BrutalBosses/]: Loaded boss variant for: minecraft:husk
[01Apr2025 17:55:27.824] [main/INFO] [com.brutalbosses.BrutalBosses/]: Loaded boss variant for: minecraft:evoker
[01Apr2025 17:55:27.824] [main/INFO] [com.brutalbosses.BrutalBosses/]: Loaded boss variant for: minecraft:wandering_trader
[01Apr2025 17:55:27.826] [main/INFO] [com.brutalbosses.BrutalBosses/]: Loaded boss variant for: minecraft:guardian
[01Apr2025 17:55:27.826] [main/INFO] [com.brutalbosses.BrutalBosses/]: Loaded boss variant for: minecraft:vindicator
[01Apr2025 17:55:27.826] [main/INFO] [com.brutalbosses.BrutalBosses/]: Loaded boss variant for: minecraft:shulker
[01Apr2025 17:55:27.826] [main/INFO] [com.brutalbosses.BrutalBosses/]: Loaded boss variant for: minecraft:zoglin
[01Apr2025 17:55:27.826] [main/INFO] [com.brutalbosses.BrutalBosses/]: Loaded boss variant for: minecraft:chicken
[01Apr2025 17:55:27.826] [main/INFO] [com.brutalbosses.BrutalBosses/]: Loaded boss variant for: minecraft:blaze
[01Apr2025 17:55:27.826] [main/INFO] [com.brutalbosses.BrutalBosses/]: Loaded boss variant for: minecraft:witch
[01Apr2025 17:55:27.826] [main/INFO] [com.brutalbosses.BrutalBosses/]: Loaded boss variant for: minecraft:phantom
[01Apr2025 17:55:27.826] [main/INFO] [com.brutalbosses.BrutalBosses/]: Loaded boss variant for: minecraft:mooshroom
[01Apr2025 17:55:27.826] [main/INFO] [com.brutalbosses.BrutalBosses/]: Loaded boss variant for: minecraft:rabbit
[01Apr2025 17:55:27.826] [main/INFO] [com.brutalbosses.BrutalBosses/]: Loaded boss variant for: minecraft:piglin_brute
[01Apr2025 17:55:27.826] [main/INFO] [com.brutalbosses.BrutalBosses/]: Loaded boss variant for: minecraft:ghast
[01Apr2025 17:55:27.827] [main/INFO] [com.brutalbosses.BrutalBosses/]: Loaded boss variant for: minecraft:stray
[01Apr2025 17:55:27.830] [main/INFO] [quark-zeta/]: Modified advancement minecraft:husbandry/wax_on with 2 patches
[01Apr2025 17:55:27.830] [main/INFO] [quark-zeta/]: Modified advancement minecraft:adventure/kill_a_mob with 3 patches
[01Apr2025 17:55:27.830] [main/INFO] [quark-zeta/]: Modified advancement minecraft:husbandry/bred_all_animals with 3 patches
[01Apr2025 17:55:27.830] [main/INFO] [quark-zeta/]: Modified advancement minecraft:adventure/kill_all_mobs with 3 patches
[01Apr2025 17:55:27.831] [main/INFO] [quark-zeta/]: Modified advancement minecraft:husbandry/balanced_diet with 3 patches
[01Apr2025 17:55:27.831] [main/INFO] [quark-zeta/]: Modified advancement minecraft:husbandry/plant_seed with 1 patches
[01Apr2025 17:55:27.831] [main/INFO] [quark-zeta/]: Modified advancement minecraft:nether/all_effects with 2 patches
[01Apr2025 17:55:27.831] [main/INFO] [quark-zeta/]: Modified advancement minecraft:husbandry/wax_off with 2 patches
[01Apr2025 17:55:27.831] [main/INFO] [quark-zeta/]: Modified advancement minecraft:adventure/adventuring_time with 1 patches
[01Apr2025 17:55:27.831] [main/INFO] [quark-zeta/]: Modified advancement minecraft:nether/all_potions with 1 patches
[01Apr2025 17:55:27.839] [main/INFO] [Supplementaries/]: Loaded 27 flute songs
[01Apr2025 17:55:27.855] [main/INFO] [placebo/]: Registered 0 gear_sets.
[01Apr2025 17:55:36.614] [main/INFO] [Moonlight/]: Applied 7 data villager trades
[01Apr2025 17:55:36.621] [main/INFO] [zeta-internal/]: Dispatching ZTagsUpdated to 1 listener
[01Apr2025 17:55:36.647] [main/INFO] [Supplementaries/]: Finished additional setup in 25 ms
[01Apr2025 17:55:37.061] [Server thread/INFO] [net.minecraft.server.dedicated.DedicatedServer/]: Starting minecraft server version 1.20.1
[01Apr2025 17:55:37.061] [Server thread/INFO] [net.minecraft.server.dedicated.DedicatedServer/]: Loading properties
[01Apr2025 17:55:37.061] [Server thread/INFO] [net.minecraft.server.dedicated.DedicatedServer/]: Default game type: SURVIVAL
[01Apr2025 17:55:37.061] [Server thread/INFO] [net.minecraft.server.MinecraftServer/]: Generating keypair
[01Apr2025 17:55:37.279] [Server thread/INFO] [net.minecraft.server.dedicated.DedicatedServer/]: Starting Minecraft server on *:25565
[01Apr2025 17:55:37.323] [Server thread/INFO] [net.minecraft.server.network.ServerConnectionListener/]: Using epoll channel type
[01Apr2025 17:55:37.439] [Server thread/WARN] [net.minecraft.server.dedicated.DedicatedServer/]: **** SERVER IS RUNNING IN OFFLINE/INSECURE MODE!
[01Apr2025 17:55:37.439] [Server thread/WARN] [net.minecraft.server.dedicated.DedicatedServer/]: The server will make no attempt to authenticate usernames. Beware.
[01Apr2025 17:55:37.439] [Server thread/WARN] [net.minecraft.server.dedicated.DedicatedServer/]: While this makes the game possible to play without internet access, it also opens up the ability for hackers to connect with any username they choose.
[01Apr2025 17:55:37.440] [Server thread/WARN] [net.minecraft.server.dedicated.DedicatedServer/]: To change this, set "online-mode" to "true" in the server.properties file.
[01Apr2025 17:55:37.458] [Server thread/INFO] [Puzzles Lib/]: Loading server config for illagerinvasion
[01Apr2025 17:55:37.459] [Thread-3/INFO] [Puzzles Lib/]: Reloading server config for illagerinvasion
[01Apr2025 17:55:37.460] [Thread-3/INFO] [Puzzles Lib/]: Reloading server config for illagerinvasion
[01Apr2025 17:55:37.461] [Server thread/INFO] [Puzzles Lib/]: Loading server config for easyanvils
[01Apr2025 17:55:37.462] [Thread-3/INFO] [Puzzles Lib/]: Reloading server config for easyanvils
[01Apr2025 17:55:37.464] [Thread-3/INFO] [Puzzles Lib/]: Reloading server config for easyanvils
[01Apr2025 17:55:37.470] [Server thread/INFO] [Puzzles Lib/]: Loading server config for hangglider
[01Apr2025 17:55:37.479] [Server thread/INFO] [Puzzles Lib/]: Loading server config for enchantinginfuser
[01Apr2025 17:55:37.481] [Thread-3/INFO] [Puzzles Lib/]: Reloading server config for enchantinginfuser
[01Apr2025 17:55:37.495] [Server thread/INFO] [Puzzles Lib/]: Loading server config for mutantmonsters
[01Apr2025 17:55:37.496] [Thread-3/INFO] [Puzzles Lib/]: Reloading server config for mutantmonsters
[01Apr2025 17:55:37.497] [Thread-3/INFO] [Puzzles Lib/]: Reloading server config for mutantmonsters
[01Apr2025 17:55:37.954] [Server thread/INFO] [net.minecraft.server.dedicated.DedicatedServer/]: Preparing level "world"
[01Apr2025 17:55:40.630] [Server thread/WARN] [net.minecraft.network.syncher.SynchedEntityData/]: defineId called for: class dev.muon.medievalorigins.entity.SummonedSkeleton from interface dev.muon.medievalorigins.entity.IFollowingSummon
[01Apr2025 17:55:40.635] [Server thread/WARN] [net.minecraft.network.syncher.SynchedEntityData/]: defineId called for: class dev.muon.medievalorigins.entity.SummonedWitherSkeleton from interface dev.muon.medievalorigins.entity.IFollowingSummon
[01Apr2025 17:55:40.637] [Server thread/WARN] [net.minecraft.network.syncher.SynchedEntityData/]: defineId called for: class dev.muon.medievalorigins.entity.SummonedZombie from interface dev.muon.medievalorigins.entity.IFollowingSummon
[01Apr2025 17:55:45.118] [Server thread/INFO] [net.minecraft.server.MinecraftServer/]: Preparing start region for dimension minecraft:overworld
[01Apr2025 17:55:48.804] [Worker-Main-3/INFO] [net.minecraft.server.level.progress.LoggerChunkProgressListener/]: Preparing spawn area: 0%
[01Apr2025 17:55:48.827] [Worker-Main-1/INFO] [net.minecraft.server.level.progress.LoggerChunkProgressListener/]: Preparing spawn area: 0%
[01Apr2025 17:55:48.849] [Worker-Main-3/INFO] [net.minecraft.server.level.progress.LoggerChunkProgressListener/]: Preparing spawn area: 0%
[01Apr2025 17:55:48.938] [Worker-Main-3/INFO] [net.minecraft.server.level.progress.LoggerChunkProgressListener/]: Preparing spawn area: 0%
[01Apr2025 17:55:48.967] [Worker-Main-1/INFO] [net.minecraft.server.level.progress.LoggerChunkProgressListener/]: Preparing spawn area: 0%
[01Apr2025 17:55:49.006] [Worker-Main-2/INFO] [net.minecraft.server.level.progress.LoggerChunkProgressListener/]: Preparing spawn area: 0%
[01Apr2025 17:55:49.023] [Worker-Main-3/INFO] [net.minecraft.server.level.progress.LoggerChunkProgressListener/]: Preparing spawn area: 0%
[01Apr2025 17:55:49.038] [Worker-Main-3/INFO] [net.minecraft.server.level.progress.LoggerChunkProgressListener/]: Preparing spawn area: 0%
[01Apr2025 17:55:49.123] [Worker-Main-2/INFO] [net.minecraft.server.level.progress.LoggerChunkProgressListener/]: Preparing spawn area: 0%
[01Apr2025 17:55:49.718] [Worker-Main-1/INFO] [net.minecraft.server.level.progress.LoggerChunkProgressListener/]: Preparing spawn area: 0%
[01Apr2025 17:55:50.339] [Worker-Main-3/INFO] [net.minecraft.server.level.progress.LoggerChunkProgressListener/]: Preparing spawn area: 0%
[01Apr2025 17:55:50.619] [Worker-Main-1/INFO] [net.minecraft.server.level.progress.LoggerChunkProgressListener/]: Preparing spawn area: 0%
[01Apr2025 17:55:51.671] [Worker-Main-2/INFO] [net.minecraft.server.level.progress.LoggerChunkProgressListener/]: Preparing spawn area: 2%
[01Apr2025 17:55:51.671] [Worker-Main-2/INFO] [net.minecraft.server.level.progress.LoggerChunkProgressListener/]: Preparing spawn area: 2%
[01Apr2025 17:55:52.483] [Worker-Main-3/INFO] [net.minecraft.server.level.progress.LoggerChunkProgressListener/]: Preparing spawn area: 9%
[01Apr2025 17:55:52.619] [Worker-Main-3/INFO] [net.minecraft.server.level.progress.LoggerChunkProgressListener/]: Preparing spawn area: 12%
[01Apr2025 17:55:53.452] [Worker-Main-1/INFO] [net.minecraft.server.level.progress.LoggerChunkProgressListener/]: Preparing spawn area: 15%
[01Apr2025 17:55:53.620] [Worker-Main-3/INFO] [net.minecraft.server.level.progress.LoggerChunkProgressListener/]: Preparing spawn area: 22%
[01Apr2025 17:55:54.192] [Worker-Main-2/INFO] [net.minecraft.server.level.progress.LoggerChunkProgressListener/]: Preparing spawn area: 22%
[01Apr2025 17:55:54.660] [Worker-Main-3/INFO] [net.minecraft.server.level.progress.LoggerChunkProgressListener/]: Preparing spawn area: 22%
[01Apr2025 17:55:55.136] [Worker-Main-2/INFO] [net.minecraft.server.level.progress.LoggerChunkProgressListener/]: Preparing spawn area: 23%
[01Apr2025 17:55:55.674] [Worker-Main-1/INFO] [net.minecraft.server.level.progress.LoggerChunkProgressListener/]: Preparing spawn area: 32%
[01Apr2025 17:55:56.164] [Worker-Main-3/INFO] [net.minecraft.server.level.progress.LoggerChunkProgressListener/]: Preparing spawn area: 47%
[01Apr2025 17:55:56.864] [Worker-Main-2/INFO] [net.minecraft.server.level.progress.LoggerChunkProgressListener/]: Preparing spawn area: 48%
[01Apr2025 17:55:57.358] [Worker-Main-3/INFO] [net.minecraft.server.level.progress.LoggerChunkProgressListener/]: Preparing spawn area: 50%
[01Apr2025 17:55:57.975] [Worker-Main-1/INFO] [net.minecraft.server.level.progress.LoggerChunkProgressListener/]: Preparing spawn area: 55%
[01Apr2025 17:55:58.129] [Worker-Main-3/INFO] [net.minecraft.server.level.progress.LoggerChunkProgressListener/]: Preparing spawn area: 61%
[01Apr2025 17:55:58.790] [Worker-Main-2/INFO] [net.minecraft.server.level.progress.LoggerChunkProgressListener/]: Preparing spawn area: 71%
[01Apr2025 17:55:59.147] [Worker-Main-2/INFO] [net.minecraft.server.level.progress.LoggerChunkProgressListener/]: Preparing spawn area: 71%
[01Apr2025 17:55:59.623] [Worker-Main-3/INFO] [net.minecraft.server.level.progress.LoggerChunkProgressListener/]: Preparing spawn area: 72%
[01Apr2025 17:56:00.121] [Worker-Main-1/INFO] [net.minecraft.server.level.progress.LoggerChunkProgressListener/]: Preparing spawn area: 83%
[01Apr2025 17:56:00.725] [Worker-Main-1/INFO] [net.minecraft.server.level.progress.LoggerChunkProgressListener/]: Preparing spawn area: 85%
[01Apr2025 17:56:01.138] [Worker-Main-1/INFO] [net.minecraft.server.level.progress.LoggerChunkProgressListener/]: Preparing spawn area: 85%
[01Apr2025 17:56:01.638] [Worker-Main-2/INFO] [net.minecraft.server.level.progress.LoggerChunkProgressListener/]: Preparing spawn area: 86%
[01Apr2025 17:56:02.122] [Worker-Main-3/INFO] [net.minecraft.server.level.progress.LoggerChunkProgressListener/]: Preparing spawn area: 87%
[01Apr2025 17:56:03.012] [Worker-Main-1/INFO] [net.minecraft.server.level.progress.LoggerChunkProgressListener/]: Preparing spawn area: 89%
[01Apr2025 17:56:03.124] [Worker-Main-1/INFO] [net.minecraft.server.level.progress.LoggerChunkProgressListener/]: Preparing spawn area: 93%
[01Apr2025 17:56:03.623] [Worker-Main-2/INFO] [net.minecraft.server.level.progress.LoggerChunkProgressListener/]: Preparing spawn area: 96%
[01Apr2025 17:56:03.755] [Server thread/INFO] [net.minecraft.server.level.progress.LoggerChunkProgressListener/]: Time elapsed: 18637 ms
[01Apr2025 17:56:03.756] [Server thread/INFO] [net.minecraft.server.dedicated.DedicatedServer/]: Done (26.300s)! For help, type "help"
[01Apr2025 17:56:03.898] [Server thread/INFO] [net.minecraftforge.server.permission.PermissionAPI/]: Successfully initialized permission handler forge:default_handler
[01Apr2025 17:56:03.906] [Server thread/INFO] [net.stardustlabs.nullscape.Nullscape/]: Thanks for choosing Nullscape!
[01Apr2025 17:56:03.907] [Server thread/INFO] [atomicstryker.multimine.common.MultiMine/]: MultiMine ServerStartedEvent
[01Apr2025 17:56:03.908] [Server thread/INFO] [atomicstryker.multimine.common.MultiMine/]: config loading now
[01Apr2025 17:56:03.910] [Server thread/INFO] [atomicstryker.multimine.common.MultiMine/]: config loaded successfully
[01Apr2025 17:56:03.911] [Server thread/INFO] [com.cupboard.Cupboard/]: Loaded config for: brutalbosses.json
[01Apr2025 17:56:03.912] [Server thread/INFO] [com.github.alexthe666.iceandfire.IceAndFire/]: {iceandfire:fire_dragon_roost=true, iceandfire:fire_lily=true, iceandfire:spawn_dragon_skeleton_fire=true, iceandfire:lightning_dragon_roost=true, iceandfire:spawn_dragon_skeleton_lightning=true, iceandfire:ice_dragon_roost=true, iceandfire:ice_dragon_cave=true, iceandfire:lightning_dragon_cave=true, iceandfire:cyclops_cave=true, iceandfire:spawn_wandering_cyclops=true, iceandfire:spawn_sea_serpent=true, iceandfire:frost_lily=true, iceandfire:hydra_cave=true, iceandfire:lightning_lily=true, iceandfire:pixie_village=true, iceandfire:myrmex_hive_jungle=true, iceandfire:myrmex_hive_desert=true, iceandfire:silver_ore=true, iceandfire:siren_island=true, iceandfire:spawn_dragon_skeleton_ice=true, iceandfire:spawn_stymphalian_bird=true, iceandfire:fire_dragon_cave=true, iceandfire:sapphire_ore=true, iceandfire:spawn_hippocampus=true, iceandfire:spawn_death_worm=true}
[01Apr2025 17:56:03.912] [Server thread/INFO] [com.github.alexthe666.iceandfire.IceAndFire/]: {TROLL_S=true, HIPPOGRYPH=true, AMPHITHERE=true, COCKATRICE=true, TROLL_M=true, DREAD_LICH=true, TROLL_F=true}
[01Apr2025 17:56:03.938] [Server thread/INFO] [atomicstryker.infernalmobs.common.InfernalMobsCore/]: item config parser finished, item count: 14
[01Apr2025 17:56:03.939] [Server thread/INFO] [atomicstryker.infernalmobs.common.InfernalMobsCore/]: item config parser finished, item count: 17
[01Apr2025 17:56:03.939] [Server thread/INFO] [atomicstryker.infernalmobs.common.InfernalMobsCore/]: item config parser finished, item count: 16
[01Apr2025 17:56:03.941] [Server thread/INFO] [atomicstryker.infernalmobs.common.InfernalMobsCore/]: InfernalMobsCore commonSetup completed! Modifiers ready: 28
[01Apr2025 17:56:03.942] [Server thread/INFO] [atomicstryker.infernalmobs.common.InfernalMobsCore/]: InfernalMobsCore commonSetup completed! config file at: /workspaces/SERVICIOS/servidor_minecraft/./config/infernalmobs.cfg
[01Apr2025 17:56:06.443] [Server thread/ERROR] [net.minecraft.Util/]: POI data mismatch: already registered at BlockPos{x=32, y=-31, z=1}
[01Apr2025 17:56:06.445] [Server thread/WARN] [net.minecraft.server.MinecraftServer/]: Can't keep up! Is the server overloaded? Running 2452ms or 49 ticks behind
[01Apr2025 17:57:47.873] [Netty Epoll Server IO #2/INFO] [Calio/]: Received acknowledgment for login packet with id 0
[01Apr2025 17:57:47.874] [Netty Epoll Server IO #2/INFO] [Calio/]: Received acknowledgment for login packet with id 1
[01Apr2025 17:57:47.909] [Netty Epoll Server IO #2/INFO] [Calio/]: Received acknowledgment for login packet with id 2
[01Apr2025 17:57:47.961] [Netty Epoll Server IO #2/INFO] [Calio/]: Received acknowledgment for login packet with id 3
[01Apr2025 17:57:48.012] [Netty Epoll Server IO #2/INFO] [Calio/]: Received acknowledgment for login packet with id 4
[01Apr2025 17:57:48.085] [Netty Epoll Server IO #2/INFO] [Calio/]: Received acknowledgment for login packet with id 5
[01Apr2025 17:57:48.108] [Netty Epoll Server IO #2/INFO] [Calio/]: Received acknowledgment for login packet with id 6
[01Apr2025 17:57:48.175] [Netty Epoll Server IO #2/INFO] [Calio/]: Received acknowledgment for login packet with id 7
[01Apr2025 17:57:48.210] [Netty Epoll Server IO #2/INFO] [Calio/]: Received acknowledgment for login packet with id 8
[01Apr2025 17:57:48.258] [Netty Epoll Server IO #2/INFO] [Calio/]: Received acknowledgment for login packet with id 9
[01Apr2025 17:57:48.315] [Netty Epoll Server IO #2/INFO] [Calio/]: Received acknowledgment for login packet with id 10
[01Apr2025 17:57:48.359] [Netty Epoll Server IO #2/INFO] [Calio/]: Received acknowledgment for login packet with id 11
[01Apr2025 17:57:49.641] [Netty Epoll Server IO #2/INFO] [Calio/]: Received acknowledgment for login packet with id 12
[01Apr2025 17:57:49.642] [Netty Epoll Server IO #2/INFO] [Calio/]: Received acknowledgment for login packet with id 13
[01Apr2025 17:57:49.652] [Netty Epoll Server IO #2/INFO] [Calio/]: Received acknowledgment for login packet with id 14
[01Apr2025 17:57:49.689] [Netty Epoll Server IO #2/INFO] [Calio/]: Received acknowledgment for login packet with id 15
[01Apr2025 17:58:07.004] [Server thread/WARN] [net.minecraft.network.syncher.SynchedEntityData/]: defineId called for: class net.minecraft.world.entity.player.Player from class tschipp.carryon.common.carry.CarryOnDataManager
[01Apr2025 17:58:07.109] [Server thread/INFO] [net.minecraft.server.players.PlayerList/]: slayer_np[/100.121.90.55:60027] logged in with entity id 3748 at (1153.987459741483, 59.3073078975017, -1023.2494230348021)
[01Apr2025 17:58:07.332] [Server thread/INFO] [net.minecraft.server.MinecraftServer/]: slayer_np joined the game
[01Apr2025 17:58:09.947] [Server thread/WARN] [net.minecraft.server.MinecraftServer/]: Can't keep up! Is the server overloaded? Running 2854ms or 57 ticks behind
[01Apr2025 17:58:22.605] [Server thread/WARN] [tombstone/]: The death event of the player slayer_np was canceled by another mod
[01Apr2025 17:58:22.657] [Server thread/INFO] [tombstone/]: The player slayer_np has successfully been saved
[01Apr2025 17:58:27.532] [Server thread/INFO] [net.minecraft.server.MinecraftServer/]: slayer_np drowned
[01Apr2025 17:58:27.553] [Server thread/INFO] [tombstone/]: The player slayer_np has successfully been saved
[01Apr2025 17:59:22.181] [Netty Epoll Server IO #4/INFO] [Calio/]: Received acknowledgment for login packet with id 0
[01Apr2025 17:59:22.183] [Netty Epoll Server IO #4/INFO] [Calio/]: Received acknowledgment for login packet with id 1
[01Apr2025 17:59:22.226] [Netty Epoll Server IO #4/INFO] [Calio/]: Received acknowledgment for login packet with id 2
[01Apr2025 17:59:22.273] [Netty Epoll Server IO #4/INFO] [Calio/]: Received acknowledgment for login packet with id 3
[01Apr2025 17:59:22.339] [Netty Epoll Server IO #4/INFO] [Calio/]: Received acknowledgment for login packet with id 4
[01Apr2025 17:59:22.379] [Netty Epoll Server IO #4/INFO] [Calio/]: Received acknowledgment for login packet with id 5
[01Apr2025 17:59:22.423] [Netty Epoll Server IO #4/INFO] [Calio/]: Received acknowledgment for login packet with id 6
[01Apr2025 17:59:22.474] [Netty Epoll Server IO #4/INFO] [Calio/]: Received acknowledgment for login packet with id 7
[01Apr2025 17:59:22.524] [Netty Epoll Server IO #4/INFO] [Calio/]: Received acknowledgment for login packet with id 8
[01Apr2025 17:59:22.576] [Netty Epoll Server IO #4/INFO] [Calio/]: Received acknowledgment for login packet with id 9
[01Apr2025 17:59:22.621] [Netty Epoll Server IO #4/INFO] [Calio/]: Received acknowledgment for login packet with id 10
[01Apr2025 17:59:22.674] [Netty Epoll Server IO #4/INFO] [Calio/]: Received acknowledgment for login packet with id 11
[01Apr2025 17:59:23.876] [Netty Epoll Server IO #4/INFO] [Calio/]: Received acknowledgment for login packet with id 12
[01Apr2025 17:59:23.876] [Netty Epoll Server IO #4/INFO] [Calio/]: Received acknowledgment for login packet with id 13
[01Apr2025 17:59:23.881] [Netty Epoll Server IO #4/INFO] [Calio/]: Received acknowledgment for login packet with id 14
[01Apr2025 17:59:23.894] [Netty Epoll Server IO #4/INFO] [Calio/]: Received acknowledgment for login packet with id 15
[01Apr2025 17:59:33.004] [Server thread/INFO] [net.minecraft.server.players.PlayerList/]: edinson123pro[/100.76.109.16:64030] logged in with entity id 4503 at (1035.6909282568706, 70.0, -907.7089048007607)
[01Apr2025 17:59:33.076] [Server thread/INFO] [net.minecraft.server.MinecraftServer/]: edinson123pro joined the game
[01Apr2025 17:59:38.306] [Server thread/WARN] [net.minecraft.world.level.entity.PersistentEntitySectionManager/]: UUID of added entity already exists: FallingBlockEntity['Falling Hanging Coconut'/4812, l='ServerLevel[world]', x=1150.50, y=69.00, z=-836.50]
[01Apr2025 18:00:30.746] [Server thread/WARN] [net.minecraft.world.level.entity.PersistentEntitySectionManager/]: UUID of added entity already exists: FallingBlockEntity['Falling Hanging Coconut'/5207, l='ServerLevel[world]', x=349.50, y=73.00, z=-107.50]
[01Apr2025 18:01:05.597] [Server thread/INFO] [net.minecraft.server.MinecraftServer/]: [slayer_np: Set own game mode to Creative Mode]
[01Apr2025 18:02:21.769] [Server thread/WARN] [net.minecraft.world.level.entity.PersistentEntitySectionManager/]: UUID of added entity already exists: FallingBlockEntity['Falling Hanging Coconut'/9535, l='ServerLevel[world]', x=698.50, y=73.00, z=-399.50]
[01Apr2025 18:02:33.340] [Server thread/WARN] [net.minecraft.world.level.entity.PersistentEntitySectionManager/]: UUID of added entity already exists: FallingBlockEntity['Falling Hanging Coconut'/9670, l='ServerLevel[world]', x=1433.50, y=72.00, z=-1411.50]
[01Apr2025 18:02:43.097] [Server thread/WARN] [net.minecraft.world.level.entity.PersistentEntitySectionManager/]: UUID of added entity already exists: FallingBlockEntity['Falling Hanging Coconut'/9736, l='ServerLevel[world]', x=1409.50, y=72.00, z=-1348.50]
[01Apr2025 18:02:44.277] [Server thread/WARN] [net.minecraft.world.level.entity.PersistentEntitySectionManager/]: UUID of added entity already exists: FallingBlockEntity['Falling Hanging Coconut'/9740, l='ServerLevel[world]', x=697.50, y=73.00, z=-397.50]
[01Apr2025 18:03:02.098] [Server thread/WARN] [net.minecraft.world.level.entity.PersistentEntitySectionManager/]: UUID of added entity already exists: FallingBlockEntity['Falling Hanging Coconut'/9813, l='ServerLevel[world]', x=1421.50, y=75.00, z=-1392.50]
[01Apr2025 18:03:29.111] [Server thread/WARN] [net.minecraft.world.level.entity.PersistentEntitySectionManager/]: UUID of added entity already exists: FallingBlockEntity['Falling Hanging Coconut'/9985, l='ServerLevel[world]', x=1405.50, y=70.00, z=-1307.50]
[01Apr2025 18:03:37.877] [Server thread/WARN] [net.minecraft.world.level.entity.PersistentEntitySectionManager/]: UUID of added entity already exists: FallingBlockEntity['Falling Hanging Coconut'/10053, l='ServerLevel[world]', x=1423.50, y=74.00, z=-1363.50]
[01Apr2025 18:03:48.333] [Server thread/WARN] [net.minecraft.world.level.entity.PersistentEntitySectionManager/]: UUID of added entity already exists: FallingBlockEntity['Falling Hanging Coconut'/10144, l='ServerLevel[world]', x=1405.50, y=70.00, z=-1306.50]
[01Apr2025 18:04:01.066] [Server thread/WARN] [net.minecraft.world.level.entity.PersistentEntitySectionManager/]: UUID of added entity already exists: FallingBlockEntity['Falling Hanging Coconut'/10297, l='ServerLevel[world]', x=746.50, y=71.00, z=-617.50]
